Year,CHU,MVER,DUR,GOB,MEA,JEM,CEB,CIB
-319,NA,NA,1.28,NA,NA,NA,NA,NA
-318,NA,NA,0.98,NA,NA,NA,NA,NA
-317,NA,NA,0.57,NA,NA,NA,NA,NA
-316,NA,NA,1.45,NA,NA,NA,NA,NA
-315,NA,NA,0.83,NA,NA,NA,NA,NA
-314,NA,NA,0.78,NA,NA,NA,NA,NA
-313,NA,NA,0.52,NA,NA,NA,NA,NA
-312,NA,NA,1.1,NA,NA,NA,NA,NA
-311,NA,NA,0.9,NA,NA,NA,NA,NA
-310,NA,NA,1.23,NA,NA,NA,NA,NA
-309,NA,NA,1.58,NA,NA,NA,NA,NA
-308,NA,NA,1.05,NA,NA,NA,NA,NA
-307,NA,NA,1.14,NA,NA,NA,NA,NA
-306,NA,NA,0.76,NA,NA,NA,NA,NA
-305,NA,NA,0.64,NA,NA,NA,NA,NA
-304,NA,NA,0.1,NA,NA,NA,NA,NA
-303,NA,NA,0.45,NA,NA,NA,NA,NA
-302,NA,NA,0.37,NA,NA,NA,NA,NA
-301,NA,NA,0.81,NA,NA,NA,NA,NA
-300,NA,NA,1.45,NA,NA,NA,NA,NA
-299,NA,NA,1.04,NA,NA,NA,NA,NA
-298,NA,NA,0.6,NA,NA,NA,NA,NA
-297,NA,NA,0.39,NA,NA,NA,NA,NA
-296,NA,NA,0.22,NA,NA,NA,NA,NA
-295,NA,NA,0.88,NA,NA,NA,NA,NA
-294,NA,NA,1.14,NA,NA,NA,NA,NA
-293,NA,NA,2.38,NA,NA,NA,NA,NA
-292,NA,NA,2.06,NA,NA,NA,NA,NA
-291,NA,NA,1.52,NA,NA,NA,NA,NA
-290,NA,NA,1.02,NA,NA,NA,NA,NA
-289,NA,NA,1.38,NA,NA,NA,NA,NA
-288,NA,NA,1.33,NA,NA,NA,NA,NA
-287,NA,NA,0.98,NA,NA,NA,NA,NA
-286,NA,NA,1.66,NA,NA,NA,NA,NA
-285,NA,NA,1.1,NA,NA,NA,NA,NA
-284,NA,NA,0.26,NA,NA,NA,NA,NA
-283,NA,NA,1,NA,NA,NA,NA,NA
-282,NA,NA,0.42,NA,NA,NA,NA,NA
-281,NA,NA,0.75,NA,NA,NA,NA,NA
-280,NA,NA,0.84,NA,NA,NA,NA,NA
-279,NA,NA,1.14,NA,NA,NA,NA,NA
-278,NA,NA,0.08,NA,NA,NA,NA,NA
-277,NA,NA,0.82,NA,NA,NA,NA,NA
-276,NA,NA,1.22,NA,NA,NA,NA,NA
-275,NA,NA,1.03,NA,NA,NA,NA,NA
-274,NA,NA,1.45,NA,NA,NA,NA,NA
-273,NA,NA,1.27,NA,NA,NA,NA,NA
-272,NA,NA,1.24,NA,NA,NA,NA,NA
-271,NA,NA,0.38,NA,NA,NA,NA,NA
-270,NA,NA,1.29,NA,NA,NA,NA,NA
-269,NA,NA,0.62,NA,NA,NA,NA,NA
-268,NA,NA,1.41,NA,NA,NA,NA,NA
-267,NA,NA,1.46,NA,NA,NA,NA,NA
-266,NA,NA,0.27,NA,NA,NA,NA,NA
-265,NA,NA,1.36,NA,NA,NA,NA,NA
-264,NA,NA,1.42,NA,NA,NA,NA,NA
-263,NA,NA,0.59,NA,NA,NA,NA,NA
-262,NA,NA,1.05,NA,NA,NA,NA,NA
-261,NA,NA,0.54,NA,NA,NA,NA,NA
-260,NA,NA,0.71,NA,NA,NA,NA,NA
-259,NA,NA,0.95,NA,NA,NA,NA,NA
-258,NA,NA,1.35,NA,NA,NA,NA,NA
-257,NA,NA,1.41,NA,NA,NA,NA,NA
-256,NA,NA,1.11,NA,NA,NA,NA,NA
-255,NA,NA,0.94,NA,NA,NA,NA,NA
-254,NA,NA,1.16,NA,NA,NA,NA,NA
-253,NA,NA,0.47,NA,NA,NA,NA,NA
-252,NA,NA,0.91,NA,NA,NA,NA,NA
-251,NA,NA,0.59,NA,NA,NA,NA,NA
-250,NA,NA,1.09,NA,NA,NA,NA,NA
-249,NA,NA,1.27,NA,NA,NA,NA,NA
-248,NA,NA,0.93,NA,NA,NA,NA,NA
-247,NA,NA,1.07,NA,NA,NA,NA,NA
-246,NA,NA,0.97,NA,NA,NA,NA,NA
-245,NA,NA,1.11,NA,NA,NA,NA,NA
-244,NA,NA,0.42,NA,NA,NA,NA,NA
-243,NA,NA,1.31,NA,NA,NA,NA,NA
-242,NA,NA,0.77,NA,NA,NA,NA,NA
-241,NA,NA,0.98,NA,NA,NA,NA,NA
-240,NA,NA,1.19,NA,NA,NA,NA,NA
-239,NA,NA,1.66,NA,NA,NA,NA,NA
-238,NA,NA,1.13,NA,NA,NA,NA,NA
-237,NA,NA,0.56,NA,NA,NA,NA,NA
-236,NA,NA,1.12,NA,NA,NA,NA,NA
-235,NA,NA,0.55,NA,NA,NA,NA,NA
-234,NA,NA,1.07,NA,NA,NA,NA,NA
-233,NA,NA,0.68,NA,NA,NA,NA,NA
-232,NA,NA,0.86,NA,NA,NA,NA,NA
-231,NA,NA,0.94,NA,NA,NA,NA,NA
-230,NA,NA,0.92,NA,NA,NA,NA,NA
-229,NA,NA,0.85,NA,NA,NA,NA,NA
-228,NA,NA,1.09,NA,NA,NA,NA,NA
-227,NA,NA,0.85,NA,NA,NA,NA,NA
-226,NA,NA,0.27,NA,NA,NA,NA,NA
-225,NA,NA,1.44,NA,NA,NA,NA,NA
-224,NA,NA,1.02,NA,NA,NA,NA,NA
-223,NA,NA,0.44,NA,NA,NA,NA,NA
-222,NA,NA,1.07,NA,NA,NA,NA,NA
-221,NA,NA,1.13,NA,NA,NA,NA,NA
-220,NA,NA,1.13,NA,NA,NA,NA,NA
-219,NA,NA,0.87,NA,NA,NA,NA,NA
-218,NA,NA,1.4,NA,NA,NA,NA,NA
-217,NA,NA,1.03,NA,NA,NA,NA,NA
-216,NA,NA,0.65,NA,NA,NA,NA,NA
-215,NA,NA,1.04,NA,NA,NA,NA,NA
-214,NA,NA,1.26,NA,NA,NA,NA,NA
-213,NA,NA,1.02,NA,NA,NA,NA,NA
-212,NA,NA,1.41,NA,NA,NA,NA,NA
-211,NA,NA,1.35,NA,NA,NA,NA,NA
-210,NA,NA,0.58,NA,NA,NA,NA,NA
-209,NA,NA,1.16,NA,NA,NA,NA,NA
-208,NA,NA,0.99,NA,NA,NA,NA,NA
-207,NA,NA,1.27,NA,NA,NA,NA,NA
-206,NA,NA,1.05,NA,NA,NA,NA,NA
-205,NA,NA,1.18,NA,NA,NA,NA,NA
-204,NA,NA,1.05,NA,NA,NA,NA,NA
-203,NA,NA,1.2,NA,NA,NA,NA,NA
-202,NA,NA,0.75,NA,NA,NA,NA,NA
-201,NA,NA,0.84,NA,NA,NA,NA,NA
-200,NA,NA,1.11,NA,NA,NA,NA,NA
-199,NA,NA,0.91,NA,NA,NA,NA,NA
-198,NA,NA,0.65,NA,NA,NA,NA,NA
-197,NA,NA,1.11,NA,NA,NA,NA,NA
-196,NA,NA,0.96,NA,NA,NA,NA,NA
-195,NA,NA,1.11,NA,NA,NA,NA,NA
-194,NA,NA,1.39,NA,NA,NA,NA,NA
-193,NA,NA,1.19,NA,NA,NA,NA,NA
-192,NA,NA,0.22,NA,NA,NA,NA,NA
-191,NA,NA,0.96,NA,NA,NA,NA,NA
-190,NA,NA,1.28,NA,NA,NA,NA,NA
-189,NA,NA,1.26,NA,NA,NA,NA,NA
-188,NA,NA,1.21,NA,NA,NA,NA,NA
-187,NA,NA,1.22,NA,NA,NA,NA,NA
-186,NA,NA,1.34,NA,NA,NA,NA,NA
-185,NA,NA,0.64,NA,NA,NA,NA,NA
-184,NA,NA,0.23,NA,NA,NA,NA,NA
-183,NA,NA,1.05,NA,NA,NA,NA,NA
-182,NA,NA,1.02,NA,NA,NA,NA,NA
-181,NA,NA,0.81,NA,NA,NA,NA,NA
-180,NA,NA,0.14,NA,NA,NA,NA,NA
-179,NA,NA,0.86,NA,NA,NA,NA,NA
-178,NA,NA,0.85,NA,NA,NA,NA,NA
-177,NA,NA,0.91,NA,NA,NA,NA,NA
-176,NA,NA,1.01,NA,NA,NA,NA,NA
-175,NA,NA,1.29,NA,NA,NA,NA,NA
-174,NA,NA,1.24,NA,NA,NA,NA,NA
-173,NA,NA,0.92,NA,NA,NA,NA,NA
-172,NA,NA,1.18,NA,NA,NA,NA,NA
-171,NA,NA,1.02,NA,NA,NA,NA,NA
-170,NA,NA,0.48,NA,NA,NA,NA,NA
-169,NA,NA,1.28,NA,NA,NA,NA,NA
-168,NA,NA,1.02,NA,NA,NA,NA,NA
-167,NA,NA,1.26,NA,NA,NA,NA,NA
-166,NA,NA,1.39,NA,NA,NA,NA,NA
-165,NA,NA,1.31,NA,NA,NA,NA,NA
-164,NA,NA,1.28,NA,NA,NA,NA,NA
-163,NA,NA,1.42,NA,NA,NA,NA,NA
-162,NA,NA,0.64,NA,NA,NA,NA,NA
-161,NA,NA,1.33,NA,NA,NA,NA,NA
-160,NA,NA,0.54,NA,NA,NA,NA,NA
-159,NA,NA,0.5,NA,NA,NA,NA,NA
-158,NA,NA,0.86,NA,NA,NA,NA,NA
-157,NA,NA,1.07,NA,NA,NA,NA,NA
-156,NA,NA,0.24,NA,NA,NA,NA,NA
-155,NA,NA,0.84,NA,NA,NA,NA,NA
-154,NA,NA,0.7,NA,NA,NA,NA,NA
-153,NA,NA,0.13,NA,NA,NA,NA,NA
-152,NA,NA,1.22,NA,NA,NA,NA,NA
-151,NA,NA,1.04,NA,NA,NA,NA,NA
-150,NA,NA,1,NA,NA,NA,NA,NA
-149,NA,NA,1.16,NA,NA,NA,NA,NA
-148,NA,NA,1.18,NA,NA,NA,NA,NA
-147,NA,NA,1.41,NA,NA,NA,NA,NA
-146,NA,NA,1.34,NA,NA,NA,NA,NA
-145,NA,NA,0.94,NA,NA,NA,NA,NA
-144,NA,NA,1.31,NA,NA,NA,NA,NA
-143,NA,NA,0.89,NA,NA,NA,NA,NA
-142,NA,NA,1.13,NA,NA,NA,NA,NA
-141,NA,NA,0.41,NA,NA,NA,NA,NA
-140,NA,NA,1.27,NA,NA,NA,NA,NA
-139,NA,NA,1.09,NA,NA,NA,NA,NA
-138,NA,NA,0.84,NA,NA,NA,NA,NA
-137,NA,NA,0.52,NA,NA,NA,NA,NA
-136,NA,NA,0.98,NA,NA,NA,NA,NA
-135,NA,NA,1.24,NA,NA,NA,NA,NA
-134,NA,NA,0.88,NA,NA,NA,NA,NA
-133,NA,NA,0.62,NA,NA,NA,NA,NA
-132,NA,NA,1.16,NA,NA,NA,NA,NA
-131,NA,NA,0.99,NA,NA,NA,NA,NA
-130,NA,NA,0.69,NA,NA,NA,NA,NA
-129,NA,NA,0.91,NA,NA,NA,NA,NA
-128,NA,NA,1.11,NA,NA,NA,NA,NA
-127,NA,NA,1.14,NA,NA,NA,NA,NA
-126,NA,NA,0.98,NA,NA,NA,NA,NA
-125,NA,NA,0.98,NA,NA,NA,NA,NA
-124,NA,NA,1.32,NA,NA,NA,NA,NA
-123,NA,NA,1.51,NA,NA,NA,NA,NA
-122,NA,NA,1.35,NA,NA,NA,NA,NA
-121,NA,NA,1.76,NA,NA,NA,NA,NA
-120,NA,NA,1.68,NA,NA,NA,NA,NA
-119,NA,NA,1,NA,NA,NA,NA,NA
-118,NA,NA,0.86,NA,NA,NA,NA,NA
-117,NA,NA,1.09,NA,NA,NA,NA,NA
-116,NA,NA,1.02,NA,NA,NA,NA,NA
-115,NA,NA,0.94,NA,NA,NA,NA,NA
-114,NA,NA,1.01,NA,NA,NA,NA,NA
-113,NA,NA,0.96,NA,NA,NA,NA,NA
-112,NA,NA,0.88,NA,NA,NA,NA,NA
-111,NA,NA,0.65,NA,NA,NA,NA,NA
-110,NA,NA,1.08,NA,NA,NA,NA,NA
-109,NA,NA,0.92,NA,NA,NA,NA,NA
-108,NA,NA,1.12,NA,NA,NA,NA,NA
-107,NA,NA,1.23,NA,NA,NA,NA,NA
-106,NA,NA,0.79,NA,NA,NA,NA,NA
-105,NA,NA,0.57,NA,NA,NA,NA,NA
-104,NA,NA,1.22,NA,NA,NA,NA,NA
-103,NA,NA,0.9,NA,NA,NA,NA,NA
-102,NA,NA,1.06,NA,NA,NA,NA,NA
-101,NA,NA,0.92,NA,NA,NA,NA,NA
-100,NA,NA,0.95,NA,NA,NA,NA,NA
-99,NA,NA,0.89,NA,NA,NA,NA,NA
-98,NA,NA,1.11,NA,NA,NA,NA,NA
-97,NA,NA,1.2,NA,NA,NA,NA,NA
-96,NA,NA,1.24,NA,NA,NA,NA,NA
-95,NA,NA,0.87,NA,NA,NA,NA,NA
-94,NA,NA,1.27,NA,NA,NA,NA,NA
-93,NA,NA,1.02,NA,NA,NA,NA,NA
-92,NA,NA,0.99,NA,NA,NA,NA,NA
-91,NA,NA,0.62,NA,NA,NA,NA,NA
-90,NA,NA,1.42,NA,NA,NA,NA,NA
-89,NA,NA,1.37,NA,NA,NA,NA,NA
-88,NA,NA,0.78,NA,NA,NA,NA,NA
-87,NA,NA,0.53,NA,NA,NA,NA,NA
-86,NA,NA,0.79,NA,NA,NA,NA,NA
-85,NA,NA,1.3,NA,NA,NA,NA,NA
-84,NA,NA,1.19,NA,NA,NA,NA,NA
-83,NA,NA,0.35,NA,NA,NA,NA,NA
-82,NA,NA,1.22,NA,NA,NA,NA,NA
-81,NA,NA,0.68,NA,NA,NA,NA,NA
-80,NA,NA,0.34,NA,NA,NA,NA,NA
-79,NA,NA,1.06,NA,NA,NA,NA,NA
-78,NA,NA,0.65,NA,NA,NA,NA,NA
-77,NA,NA,0.96,NA,NA,NA,NA,NA
-76,NA,NA,0.68,NA,NA,NA,NA,NA
-75,NA,NA,0.95,NA,NA,NA,NA,NA
-74,NA,NA,0.33,NA,NA,NA,NA,NA
-73,NA,NA,0.88,NA,NA,NA,NA,NA
-72,NA,NA,0.9,NA,NA,NA,NA,NA
-71,NA,NA,1.12,NA,NA,NA,NA,NA
-70,NA,NA,0.31,NA,NA,NA,NA,NA
-69,NA,NA,0.86,NA,NA,NA,NA,NA
-68,NA,NA,0.8,NA,NA,NA,NA,NA
-67,NA,NA,0.7,NA,NA,NA,NA,NA
-66,NA,NA,1.18,NA,NA,NA,NA,NA
-65,NA,NA,1.35,NA,NA,NA,NA,NA
-64,NA,NA,1.35,NA,NA,NA,NA,NA
-63,NA,NA,1.58,NA,NA,NA,NA,NA
-62,NA,NA,1.38,NA,NA,NA,NA,NA
-61,NA,NA,0.7,NA,NA,NA,NA,NA
-60,NA,NA,1.06,NA,NA,NA,NA,NA
-59,NA,NA,1.56,NA,NA,NA,NA,NA
-58,NA,NA,1.17,NA,NA,NA,NA,NA
-57,NA,NA,0.81,NA,NA,NA,NA,NA
-56,NA,NA,1.15,NA,NA,NA,NA,NA
-55,NA,NA,1.17,NA,NA,NA,NA,NA
-54,NA,NA,1.08,NA,NA,NA,NA,NA
-53,NA,NA,0.82,NA,NA,NA,NA,NA
-52,NA,NA,1.19,NA,NA,NA,NA,NA
-51,NA,NA,0.7,NA,NA,NA,NA,NA
-50,NA,NA,1.07,NA,NA,NA,NA,NA
-49,NA,NA,0.5,NA,NA,NA,NA,NA
-48,NA,NA,1.17,NA,NA,NA,NA,NA
-47,NA,NA,0.57,NA,NA,NA,NA,NA
-46,NA,NA,1.04,NA,NA,NA,NA,NA
-45,NA,NA,0.84,NA,NA,NA,NA,NA
-44,NA,NA,1.21,NA,NA,NA,NA,NA
-43,NA,NA,1.07,NA,NA,NA,NA,NA
-42,NA,NA,1.24,NA,NA,NA,NA,NA
-41,NA,NA,1.35,NA,NA,NA,NA,NA
-40,NA,NA,1.48,NA,NA,NA,NA,NA
-39,NA,NA,1.19,NA,NA,NA,NA,NA
-38,NA,NA,1.09,NA,NA,NA,NA,NA
-37,NA,NA,1.39,NA,NA,NA,NA,NA
-36,NA,NA,0.82,NA,NA,NA,NA,NA
-35,NA,NA,0.78,NA,NA,NA,NA,NA
-34,NA,NA,0.68,NA,NA,NA,NA,NA
-33,NA,NA,0.25,NA,NA,NA,NA,NA
-32,NA,NA,1.16,NA,NA,NA,NA,NA
-31,NA,NA,1.52,NA,NA,NA,NA,NA
-30,NA,NA,1.59,NA,NA,NA,NA,NA
-29,NA,NA,1.1,NA,NA,NA,NA,NA
-28,NA,NA,1.03,NA,NA,NA,NA,NA
-27,NA,NA,1.28,NA,NA,NA,NA,NA
-26,NA,NA,1.4,NA,NA,NA,NA,NA
-25,NA,NA,1.12,NA,NA,NA,NA,NA
-24,NA,NA,0.2,NA,NA,NA,NA,NA
-23,NA,NA,0.15,NA,NA,NA,NA,NA
-22,NA,NA,1.15,NA,NA,NA,NA,NA
-21,NA,NA,0.73,NA,NA,NA,NA,NA
-20,NA,NA,1.08,NA,NA,NA,NA,NA
-19,NA,NA,1.31,NA,NA,NA,NA,NA
-18,NA,NA,1.16,NA,NA,NA,NA,NA
-17,NA,NA,0.92,NA,NA,NA,NA,NA
-16,NA,NA,0.1,NA,NA,NA,NA,NA
-15,NA,NA,1.15,NA,NA,NA,NA,NA
-14,NA,NA,1.2,NA,NA,NA,NA,NA
-13,NA,NA,0.88,NA,NA,NA,NA,NA
-12,NA,NA,1.14,NA,NA,NA,NA,NA
-11,NA,NA,1.17,NA,NA,NA,NA,NA
-10,NA,NA,0.52,NA,NA,NA,NA,NA
-9,NA,NA,0.92,NA,NA,NA,NA,NA
-8,NA,NA,0.55,NA,NA,NA,NA,NA
-7,NA,NA,1.04,NA,NA,NA,NA,NA
-6,NA,NA,0.52,NA,NA,NA,NA,NA
-5,NA,NA,0.84,NA,NA,NA,NA,NA
-4,NA,NA,1,NA,NA,NA,NA,NA
-3,NA,NA,1.19,NA,NA,NA,NA,NA
-2,NA,NA,0.12,NA,NA,NA,NA,NA
-1,NA,NA,0.96,NA,NA,NA,NA,NA
0,NA,NA,1.16,NA,NA,NA,NA,NA
1,NA,NA,1.09,NA,NA,NA,NA,NA
2,NA,NA,1.06,NA,NA,NA,NA,NA
3,NA,NA,1.27,NA,NA,NA,NA,NA
4,NA,NA,1.13,NA,NA,NA,NA,NA
5,NA,NA,0.76,NA,NA,NA,NA,NA
6,NA,NA,1.4,NA,NA,NA,NA,NA
7,NA,NA,1.3,NA,NA,NA,NA,NA
8,NA,NA,1.47,NA,NA,NA,NA,NA
9,NA,NA,1.08,NA,NA,NA,NA,NA
10,NA,NA,1.73,NA,NA,NA,NA,NA
11,NA,NA,1.4,NA,NA,NA,NA,NA
12,NA,NA,0.8,NA,NA,NA,NA,NA
13,NA,NA,0.76,NA,NA,NA,NA,NA
14,NA,NA,0.26,NA,NA,NA,NA,NA
15,NA,NA,0.1,NA,NA,NA,NA,NA
16,NA,NA,0.43,NA,NA,NA,NA,NA
17,NA,NA,0.85,NA,NA,NA,NA,NA
18,NA,NA,0.71,NA,NA,NA,NA,NA
19,NA,NA,0.92,NA,NA,NA,NA,NA
20,NA,NA,0.98,NA,NA,NA,NA,NA
21,NA,NA,1.16,NA,NA,NA,NA,NA
22,NA,NA,1.3,NA,NA,NA,NA,NA
23,NA,NA,0.76,NA,NA,NA,NA,NA
24,NA,NA,0.45,NA,NA,NA,NA,NA
25,NA,NA,0.92,NA,NA,NA,NA,NA
26,NA,NA,0.94,NA,NA,NA,NA,NA
27,NA,NA,1.11,NA,NA,NA,NA,NA
28,NA,NA,0.89,NA,NA,NA,NA,NA
29,NA,NA,0.92,NA,NA,NA,NA,NA
30,NA,NA,1.15,NA,NA,NA,NA,NA
31,NA,NA,0.65,NA,NA,NA,NA,NA
32,NA,NA,1.15,NA,NA,NA,NA,NA
33,NA,NA,1.23,NA,NA,NA,NA,NA
34,NA,NA,1.06,NA,NA,NA,NA,NA
35,NA,NA,1.32,NA,NA,NA,NA,NA
36,NA,NA,1.21,NA,NA,NA,NA,NA
37,NA,NA,0.75,NA,NA,NA,NA,NA
38,NA,NA,1.42,NA,NA,NA,NA,NA
39,NA,NA,1.57,NA,NA,NA,NA,NA
40,NA,NA,1,NA,NA,NA,NA,NA
41,NA,NA,0.76,NA,NA,NA,NA,NA
42,NA,NA,0.88,NA,NA,NA,NA,NA
43,NA,NA,1.17,NA,NA,NA,NA,NA
44,NA,NA,0.74,NA,NA,NA,NA,NA
45,NA,NA,1.48,NA,NA,NA,NA,NA
46,NA,NA,1.18,NA,NA,NA,NA,NA
47,NA,NA,1.06,NA,NA,NA,NA,NA
48,NA,NA,1.54,NA,NA,NA,NA,NA
49,NA,NA,1.6,NA,NA,NA,NA,NA
50,NA,NA,1.54,NA,NA,NA,NA,NA
51,NA,NA,1.21,NA,NA,NA,NA,NA
52,NA,NA,1.15,NA,NA,NA,NA,NA
53,NA,NA,1.45,NA,NA,NA,NA,NA
54,NA,NA,1.51,NA,NA,NA,NA,NA
55,NA,NA,1.11,NA,NA,NA,NA,NA
56,NA,NA,0.97,NA,NA,NA,NA,NA
57,NA,NA,1.04,NA,NA,NA,NA,NA
58,NA,NA,0.79,NA,NA,NA,NA,NA
59,NA,NA,0.72,NA,NA,NA,NA,NA
60,NA,NA,0.59,NA,NA,NA,NA,NA
61,NA,NA,1.13,NA,NA,NA,NA,NA
62,NA,NA,1.4,NA,NA,NA,NA,NA
63,NA,NA,0.87,NA,NA,NA,NA,NA
64,NA,NA,1.68,NA,NA,NA,NA,NA
65,NA,NA,0.88,NA,NA,NA,NA,NA
66,NA,NA,1.89,NA,NA,NA,NA,NA
67,NA,NA,0.74,NA,NA,NA,NA,NA
68,NA,NA,1.16,NA,NA,NA,NA,NA
69,NA,NA,0.89,NA,NA,NA,NA,NA
70,NA,NA,0.62,NA,NA,NA,NA,NA
71,NA,NA,0.48,NA,NA,NA,NA,NA
72,NA,NA,0.96,NA,NA,NA,NA,NA
73,NA,NA,1.24,NA,NA,NA,NA,NA
74,NA,NA,0.97,NA,NA,NA,NA,NA
75,NA,NA,0.42,NA,NA,NA,NA,NA
76,NA,NA,1.04,NA,NA,NA,NA,NA
77,NA,NA,0.76,NA,NA,NA,NA,NA
78,NA,NA,1.12,NA,NA,NA,NA,NA
79,NA,NA,1.47,NA,NA,NA,NA,NA
80,NA,NA,1.12,NA,NA,NA,NA,NA
81,NA,NA,1.04,NA,NA,NA,NA,NA
82,NA,NA,1.39,NA,NA,NA,NA,NA
83,NA,NA,1,NA,NA,NA,NA,NA
84,NA,NA,1.17,NA,NA,NA,NA,NA
85,NA,NA,1.25,NA,NA,NA,NA,NA
86,NA,NA,0.94,NA,NA,NA,NA,NA
87,NA,NA,0.88,NA,NA,NA,NA,NA
88,NA,NA,0.66,NA,NA,NA,NA,NA
89,NA,NA,1.02,NA,NA,NA,NA,NA
90,NA,NA,0.94,NA,NA,NA,NA,NA
91,NA,NA,0.62,NA,NA,NA,NA,NA
92,NA,NA,0.74,NA,NA,NA,NA,NA
93,NA,NA,1.14,NA,NA,NA,NA,NA
94,NA,NA,1.44,NA,NA,NA,NA,NA
95,NA,NA,1.04,NA,NA,NA,NA,NA
96,NA,NA,1.08,NA,NA,NA,NA,NA
97,NA,NA,0.89,NA,NA,NA,NA,NA
98,NA,NA,0.98,NA,NA,NA,NA,NA
99,NA,NA,0.92,NA,NA,NA,NA,NA
100,NA,NA,1.62,NA,NA,NA,NA,NA
101,NA,NA,1.3,NA,NA,NA,NA,NA
102,NA,NA,1.59,NA,NA,NA,NA,NA
103,NA,NA,1.84,NA,NA,NA,NA,NA
104,NA,NA,1,NA,NA,NA,NA,NA
105,NA,NA,0.86,NA,NA,NA,NA,NA
106,NA,NA,0.57,NA,NA,NA,NA,NA
107,NA,NA,1.05,NA,NA,NA,NA,NA
108,NA,NA,0.98,NA,NA,NA,NA,NA
109,NA,NA,0.97,NA,NA,NA,NA,NA
110,NA,NA,1.12,NA,NA,NA,NA,NA
111,NA,NA,0.89,NA,NA,NA,NA,NA
112,NA,NA,0.95,NA,NA,NA,NA,NA
113,NA,NA,0.98,NA,NA,NA,NA,NA
114,NA,NA,0.92,NA,NA,NA,NA,NA
115,NA,NA,1.02,NA,NA,NA,NA,NA
116,NA,NA,0.71,NA,NA,NA,NA,NA
117,NA,NA,0.96,NA,NA,NA,NA,NA
118,NA,NA,0.79,NA,NA,NA,NA,NA
119,NA,NA,0.6,NA,NA,NA,NA,NA
120,NA,NA,0.74,NA,NA,NA,NA,NA
121,NA,NA,0.38,NA,NA,NA,NA,NA
122,NA,NA,0.69,NA,NA,NA,NA,NA
123,NA,NA,1.26,NA,NA,NA,NA,NA
124,NA,NA,0.84,NA,NA,NA,NA,NA
125,NA,NA,0.87,NA,NA,NA,NA,NA
126,NA,NA,0.74,NA,NA,NA,NA,NA
127,NA,NA,1.04,NA,NA,NA,NA,NA
128,NA,NA,1.17,NA,NA,NA,NA,NA
129,NA,NA,1.32,NA,NA,NA,NA,NA
130,NA,NA,1.44,NA,NA,NA,NA,NA
131,NA,NA,0.66,NA,NA,NA,NA,NA
132,NA,NA,1.26,NA,NA,NA,NA,NA
133,NA,NA,1.19,NA,NA,NA,NA,NA
134,NA,NA,0.95,NA,NA,NA,NA,NA
135,NA,NA,0.84,NA,NA,NA,NA,NA
136,NA,NA,1.1,NA,NA,NA,NA,NA
137,NA,NA,0.77,NA,NA,NA,NA,NA
138,NA,NA,1.19,NA,NA,NA,NA,NA
139,NA,NA,0.89,NA,NA,NA,NA,NA
140,NA,NA,0.92,NA,NA,NA,NA,NA
141,NA,NA,1.14,NA,NA,NA,NA,NA
142,NA,NA,1.08,NA,NA,NA,NA,NA
143,NA,NA,1.32,NA,NA,NA,NA,NA
144,NA,NA,1.02,NA,NA,NA,NA,NA
145,NA,NA,0.76,NA,NA,NA,NA,NA
146,NA,NA,1.44,NA,NA,NA,NA,NA
147,NA,NA,1.05,NA,NA,NA,NA,NA
148,NA,NA,1.1,NA,NA,NA,NA,NA
149,NA,NA,1.09,NA,NA,NA,NA,NA
150,NA,NA,0.56,NA,NA,NA,NA,NA
151,NA,NA,0.98,NA,NA,NA,NA,NA
152,NA,NA,1.18,NA,NA,NA,NA,NA
153,NA,NA,1.38,NA,NA,NA,NA,NA
154,NA,NA,0.57,NA,NA,NA,NA,NA
155,NA,NA,1.36,NA,NA,NA,NA,NA
156,NA,NA,1.42,NA,NA,NA,NA,NA
157,NA,NA,0.89,NA,NA,NA,NA,NA
158,NA,NA,0.67,NA,NA,NA,NA,NA
159,NA,NA,0.24,NA,NA,NA,NA,NA
160,NA,NA,0.81,NA,NA,NA,NA,NA
161,NA,NA,1.29,NA,NA,NA,NA,NA
162,NA,NA,1.04,NA,NA,NA,NA,NA
163,NA,NA,1.09,NA,NA,NA,NA,NA
164,NA,NA,0.9,NA,NA,NA,NA,NA
165,NA,NA,0.48,NA,NA,NA,NA,NA
166,NA,NA,1.16,NA,NA,NA,NA,NA
167,NA,NA,0.37,NA,NA,NA,NA,NA
168,NA,NA,0.63,NA,NA,NA,NA,NA
169,NA,NA,0.46,NA,NA,NA,NA,NA
170,NA,NA,1.2,NA,NA,NA,NA,NA
171,NA,NA,1.22,NA,NA,NA,NA,NA
172,NA,NA,0.23,NA,NA,NA,NA,NA
173,NA,NA,1.03,NA,NA,NA,NA,NA
174,NA,NA,0.93,NA,NA,NA,NA,NA
175,NA,NA,1.11,NA,NA,NA,NA,NA
176,NA,NA,0.54,NA,NA,NA,NA,NA
177,NA,NA,1.25,NA,NA,NA,NA,NA
178,NA,NA,0.43,NA,NA,NA,NA,NA
179,NA,NA,1,NA,NA,NA,NA,NA
180,NA,NA,1.11,NA,NA,NA,NA,NA
181,NA,NA,0.9,NA,NA,NA,NA,NA
182,NA,NA,1.29,NA,NA,NA,NA,NA
183,NA,NA,1.55,NA,NA,NA,NA,NA
184,NA,NA,1.11,NA,NA,NA,NA,NA
185,NA,NA,1.02,NA,NA,NA,NA,NA
186,NA,NA,1.26,NA,NA,NA,NA,NA
187,NA,NA,1.37,NA,NA,NA,NA,NA
188,NA,NA,1.43,NA,NA,NA,NA,NA
189,NA,NA,0.87,NA,NA,NA,NA,NA
190,NA,NA,0.55,NA,NA,NA,NA,NA
191,NA,NA,1.26,NA,NA,NA,NA,NA
192,NA,NA,1.43,NA,NA,NA,NA,NA
193,NA,NA,1.22,NA,NA,NA,NA,NA
194,NA,NA,0.84,NA,NA,NA,NA,NA
195,NA,NA,1.04,NA,NA,NA,NA,NA
196,NA,NA,1.2,NA,NA,NA,NA,NA
197,NA,NA,1.01,NA,NA,NA,NA,NA
198,NA,NA,0.99,NA,NA,NA,NA,NA
199,NA,NA,0.49,NA,NA,NA,NA,NA
200,NA,NA,1.03,NA,NA,NA,NA,NA
201,NA,NA,0.29,NA,NA,NA,NA,NA
202,NA,NA,0.87,NA,NA,NA,NA,NA
203,NA,NA,1.12,NA,NA,NA,NA,NA
204,NA,NA,1.08,NA,NA,NA,NA,NA
205,NA,NA,0.84,NA,NA,NA,NA,NA
206,NA,NA,1.19,NA,NA,NA,NA,NA
207,NA,NA,0.96,NA,NA,NA,NA,NA
208,NA,NA,1.07,NA,NA,NA,NA,NA
209,NA,NA,1.21,NA,NA,NA,NA,NA
210,NA,NA,0.54,NA,NA,NA,NA,NA
211,NA,NA,1.02,NA,NA,NA,NA,NA
212,NA,NA,1.17,NA,NA,NA,NA,NA
213,NA,NA,1,NA,NA,NA,NA,NA
214,NA,NA,0.69,NA,NA,NA,NA,NA
215,NA,NA,0.63,NA,NA,NA,NA,NA
216,NA,NA,1,NA,NA,NA,NA,NA
217,NA,NA,0.79,NA,NA,NA,NA,NA
218,NA,NA,0.74,NA,NA,NA,NA,NA
219,NA,NA,0.8,NA,NA,NA,NA,NA
220,NA,NA,1.01,NA,NA,NA,NA,NA
221,NA,NA,1.19,NA,NA,NA,NA,NA
222,NA,NA,1.08,NA,NA,NA,NA,NA
223,NA,NA,1.26,NA,NA,NA,NA,NA
224,NA,NA,1.32,NA,NA,NA,NA,NA
225,NA,NA,0.81,NA,NA,NA,NA,NA
226,NA,NA,1,NA,NA,NA,NA,NA
227,NA,NA,1.18,NA,NA,NA,NA,NA
228,NA,NA,1.19,NA,NA,NA,NA,NA
229,NA,NA,0.34,NA,NA,NA,NA,NA
230,NA,NA,0.81,NA,NA,NA,NA,NA
231,NA,NA,0.64,NA,NA,NA,NA,NA
232,NA,NA,1.28,NA,NA,NA,NA,NA
233,NA,NA,1.42,NA,NA,NA,NA,NA
234,NA,NA,1.19,NA,NA,NA,NA,NA
235,NA,NA,0.93,NA,NA,NA,NA,NA
236,NA,NA,0.5,NA,NA,NA,NA,NA
237,NA,NA,0.98,NA,NA,NA,NA,NA
238,NA,NA,0.97,NA,NA,NA,NA,NA
239,NA,NA,0.7,NA,NA,NA,NA,NA
240,NA,NA,1.22,NA,NA,NA,NA,NA
241,NA,NA,1.21,NA,NA,NA,NA,NA
242,NA,NA,1.25,NA,NA,NA,NA,NA
243,NA,NA,1.16,NA,NA,NA,NA,NA
244,NA,NA,0.82,NA,NA,NA,NA,NA
245,NA,NA,0.48,NA,NA,NA,NA,NA
246,NA,NA,1.14,NA,NA,NA,NA,NA
247,NA,NA,1.01,NA,NA,NA,NA,NA
248,NA,NA,0.52,NA,NA,NA,NA,NA
249,NA,NA,1.03,NA,NA,NA,NA,NA
250,NA,NA,1.11,NA,NA,NA,NA,NA
251,NA,NA,0.9,NA,NA,NA,NA,NA
252,NA,NA,1.22,NA,NA,NA,NA,NA
253,NA,NA,0.83,NA,NA,NA,NA,NA
254,NA,NA,1.22,NA,NA,NA,NA,NA
255,NA,NA,1.21,NA,NA,NA,NA,NA
256,NA,NA,1.06,NA,NA,NA,NA,NA
257,NA,NA,0.49,NA,NA,NA,NA,NA
258,NA,NA,0.41,NA,NA,NA,NA,NA
259,NA,NA,0.91,NA,NA,NA,NA,NA
260,NA,NA,0.91,NA,NA,NA,NA,NA
261,NA,NA,0.51,NA,NA,NA,NA,NA
262,NA,NA,0.42,NA,NA,NA,NA,NA
263,NA,NA,1.13,NA,NA,NA,NA,NA
264,NA,NA,0.76,NA,NA,NA,NA,NA
265,NA,NA,0.57,NA,NA,NA,NA,NA
266,NA,NA,1.07,NA,NA,NA,NA,NA
267,NA,NA,1.14,NA,NA,NA,NA,NA
268,NA,NA,1.53,NA,NA,NA,NA,NA
269,NA,NA,1.38,NA,NA,NA,NA,NA
270,NA,NA,0.48,NA,NA,NA,NA,NA
271,NA,NA,1.47,NA,NA,NA,NA,NA
272,NA,NA,1.4,NA,NA,NA,NA,NA
273,NA,NA,1.47,NA,NA,NA,NA,NA
274,NA,NA,0.29,NA,NA,NA,NA,NA
275,NA,NA,0.93,NA,NA,NA,NA,NA
276,NA,NA,1.48,NA,NA,NA,NA,NA
277,NA,NA,1.44,NA,NA,NA,NA,NA
278,NA,NA,1.21,NA,NA,NA,NA,NA
279,NA,NA,0.13,NA,NA,NA,NA,NA
280,NA,NA,1.46,NA,NA,NA,NA,NA
281,NA,NA,1.29,NA,NA,NA,NA,NA
282,NA,NA,1.48,NA,NA,NA,NA,NA
283,NA,NA,1.58,NA,NA,NA,NA,NA
284,NA,NA,1.4,NA,NA,NA,NA,NA
285,NA,NA,0.86,NA,NA,NA,NA,NA
286,NA,NA,0.64,NA,NA,NA,NA,NA
287,NA,NA,1.16,NA,NA,NA,NA,NA
288,NA,NA,1.2,NA,NA,NA,NA,NA
289,NA,NA,1.2,NA,NA,NA,NA,NA
290,NA,NA,1.12,NA,NA,NA,NA,NA
291,NA,NA,0.2,NA,NA,NA,NA,NA
292,NA,NA,0.77,NA,NA,NA,NA,NA
293,NA,NA,0.74,NA,NA,NA,NA,NA
294,NA,NA,0.14,NA,NA,NA,NA,NA
295,NA,NA,1.25,NA,NA,NA,NA,NA
296,NA,NA,1.05,NA,NA,NA,NA,NA
297,NA,NA,0.64,NA,NA,NA,NA,NA
298,NA,NA,0.8,NA,NA,NA,NA,NA
299,NA,NA,1.09,NA,NA,NA,NA,NA
300,NA,NA,0.9,NA,NA,NA,NA,NA
301,NA,NA,0.99,NA,NA,NA,NA,NA
302,NA,NA,0.1,NA,NA,NA,NA,NA
303,NA,NA,0.7,NA,NA,NA,NA,NA
304,NA,NA,1.43,NA,NA,NA,NA,NA
305,NA,NA,0.89,NA,NA,NA,NA,NA
306,NA,NA,0.67,NA,NA,NA,NA,NA
307,NA,NA,0.72,NA,NA,NA,NA,NA
308,NA,NA,0.71,NA,NA,NA,NA,NA
309,NA,NA,1.1,NA,NA,NA,NA,NA
310,NA,NA,1.2,NA,NA,NA,NA,NA
311,NA,NA,1.29,NA,NA,NA,NA,NA
312,NA,NA,1.01,NA,NA,NA,NA,NA
313,NA,NA,0.84,NA,NA,NA,NA,NA
314,NA,NA,1.32,NA,NA,NA,NA,NA
315,NA,NA,1.2,NA,NA,NA,NA,NA
316,NA,NA,1.61,NA,NA,NA,NA,NA
317,NA,NA,1.67,NA,NA,NA,NA,NA
318,NA,NA,1.03,NA,NA,NA,NA,NA
319,NA,NA,1.46,NA,NA,NA,NA,NA
320,NA,NA,0.52,NA,NA,NA,NA,NA
321,NA,NA,0.59,NA,NA,NA,NA,NA
322,NA,NA,1.11,NA,NA,NA,NA,NA
323,NA,NA,0.86,NA,NA,NA,NA,NA
324,NA,NA,0.24,NA,NA,NA,NA,NA
325,NA,NA,0.78,NA,NA,NA,NA,NA
326,NA,NA,0.09,NA,NA,NA,NA,NA
327,NA,NA,0.76,NA,NA,NA,NA,NA
328,NA,NA,0.91,NA,NA,NA,NA,NA
329,NA,NA,1.18,NA,NA,NA,NA,NA
330,NA,NA,1.14,NA,NA,NA,NA,NA
331,NA,NA,1.13,NA,NA,NA,NA,NA
332,NA,NA,1.28,NA,NA,NA,NA,NA
333,NA,NA,1.12,NA,NA,NA,NA,NA
334,NA,NA,1.07,NA,NA,NA,NA,NA
335,NA,NA,0.44,NA,NA,NA,NA,NA
336,NA,NA,0.99,NA,NA,NA,NA,NA
337,NA,NA,1.03,NA,NA,NA,NA,NA
338,NA,NA,1.2,NA,NA,NA,NA,NA
339,NA,NA,1.26,NA,NA,NA,NA,NA
340,NA,NA,0.73,NA,NA,NA,NA,NA
341,NA,NA,0.52,NA,NA,NA,NA,NA
342,NA,NA,0.89,NA,NA,NA,NA,NA
343,NA,NA,0.98,NA,NA,NA,NA,NA
344,NA,NA,0.47,NA,NA,NA,NA,NA
345,NA,NA,0.97,NA,NA,NA,NA,NA
346,NA,NA,1.45,NA,NA,NA,NA,NA
347,NA,NA,0.71,NA,NA,NA,NA,NA
348,NA,NA,0.81,NA,NA,NA,NA,NA
349,NA,NA,1.16,NA,NA,NA,NA,NA
350,NA,NA,1.11,NA,NA,NA,NA,NA
351,NA,NA,1.44,NA,NA,NA,NA,NA
352,NA,NA,1.23,NA,NA,NA,NA,NA
353,NA,NA,1.02,NA,NA,NA,NA,NA
354,NA,NA,1.57,NA,NA,NA,NA,NA
355,NA,NA,1.78,NA,NA,NA,NA,NA
356,NA,NA,1.27,NA,NA,NA,NA,NA
357,NA,NA,0.85,NA,NA,NA,NA,NA
358,NA,NA,1.36,NA,NA,NA,NA,NA
359,NA,NA,0.66,NA,NA,NA,NA,NA
360,NA,NA,1.22,NA,NA,NA,NA,NA
361,NA,NA,0.51,NA,NA,NA,NA,NA
362,NA,NA,0.92,NA,NA,NA,NA,NA
363,NA,NA,0.65,NA,NA,NA,NA,NA
364,NA,NA,0.82,NA,NA,NA,NA,NA
365,NA,NA,0.83,NA,NA,NA,NA,NA
366,NA,NA,0.75,NA,NA,NA,NA,NA
367,NA,NA,1.09,NA,NA,NA,NA,NA
368,NA,NA,1.05,NA,NA,NA,NA,NA
369,NA,NA,0.93,NA,NA,NA,NA,NA
370,NA,NA,0.51,NA,NA,NA,NA,NA
371,NA,NA,1.32,NA,NA,NA,NA,NA
372,NA,NA,1.04,NA,NA,NA,NA,NA
373,NA,NA,0.93,NA,NA,NA,NA,NA
374,NA,NA,1.49,NA,NA,NA,NA,NA
375,NA,NA,1.01,NA,NA,NA,NA,NA
376,NA,NA,1.27,NA,NA,NA,NA,NA
377,NA,NA,1.06,NA,NA,NA,NA,NA
378,NA,NA,0.92,NA,NA,NA,NA,NA
379,NA,NA,1.04,NA,NA,NA,NA,NA
380,NA,NA,0.99,NA,NA,NA,NA,NA
381,NA,NA,1.09,NA,NA,NA,NA,NA
382,NA,NA,0.4,NA,NA,NA,NA,NA
383,NA,NA,0.98,NA,NA,NA,NA,NA
384,NA,NA,0.93,NA,NA,NA,NA,NA
385,NA,NA,0.88,NA,NA,NA,NA,NA
386,NA,NA,1.09,NA,NA,NA,NA,NA
387,NA,NA,1.12,NA,NA,NA,NA,NA
388,NA,NA,0.71,NA,NA,NA,NA,NA
389,NA,NA,1.16,NA,NA,NA,NA,NA
390,NA,NA,1.02,NA,NA,NA,NA,NA
391,NA,NA,1.03,NA,NA,NA,NA,NA
392,NA,NA,0.95,NA,NA,NA,NA,NA
393,NA,NA,1.26,NA,NA,NA,NA,NA
394,NA,NA,1.59,NA,NA,NA,NA,NA
395,NA,NA,1.3,NA,NA,NA,NA,NA
396,NA,NA,0.72,NA,NA,NA,NA,NA
397,NA,NA,1.32,NA,NA,NA,NA,NA
398,NA,NA,1.33,NA,NA,NA,NA,NA
399,NA,NA,0.82,NA,NA,NA,NA,NA
400,NA,NA,0.85,NA,NA,NA,NA,NA
401,NA,NA,0.9,NA,NA,NA,NA,NA
402,NA,NA,0.59,NA,NA,NA,NA,NA
403,NA,NA,0.49,NA,NA,NA,NA,NA
404,NA,NA,1.03,NA,NA,NA,NA,NA
405,NA,NA,1.23,NA,NA,NA,NA,NA
406,NA,NA,1.14,NA,NA,NA,NA,NA
407,NA,NA,1.49,NA,NA,NA,NA,NA
408,NA,NA,1.39,NA,NA,NA,NA,NA
409,NA,NA,0.84,NA,NA,NA,NA,NA
410,NA,NA,1.08,NA,NA,NA,NA,NA
411,NA,NA,0.77,NA,NA,NA,NA,NA
412,NA,NA,0.91,NA,NA,NA,NA,NA
413,NA,NA,1.08,NA,NA,NA,NA,NA
414,NA,NA,1.12,NA,NA,NA,NA,NA
415,NA,NA,1.03,NA,NA,NA,NA,NA
416,NA,NA,1.27,NA,NA,NA,NA,NA
417,NA,NA,1.2,NA,NA,NA,NA,NA
418,NA,NA,1.31,NA,NA,NA,NA,NA
419,NA,NA,1.1,NA,NA,NA,NA,NA
420,NA,NA,0.75,NA,NA,NA,NA,NA
421,NA,NA,1.05,NA,NA,NA,NA,NA
422,NA,NA,0.85,NA,NA,NA,NA,NA
423,NA,NA,0.47,NA,NA,NA,NA,NA
424,NA,NA,0.85,NA,NA,NA,NA,NA
425,NA,NA,1.03,NA,NA,NA,NA,NA
426,NA,NA,0.88,NA,NA,NA,NA,NA
427,NA,NA,0.74,NA,NA,NA,NA,NA
428,NA,NA,0.91,NA,NA,NA,NA,NA
429,NA,NA,0.46,NA,NA,NA,NA,NA
430,NA,NA,0.92,NA,NA,NA,NA,NA
431,NA,NA,0.81,NA,NA,NA,NA,NA
432,NA,NA,0.84,NA,NA,NA,NA,NA
433,NA,NA,1.12,NA,NA,NA,NA,NA
434,NA,NA,1.28,NA,NA,NA,NA,NA
435,NA,NA,1.1,NA,NA,NA,NA,0.91
436,NA,NA,1.31,NA,NA,NA,NA,1.83
437,NA,NA,1.46,NA,NA,NA,NA,1.8
438,NA,NA,1,NA,NA,NA,NA,0.99
439,NA,NA,1.14,NA,NA,NA,NA,0.65
440,NA,NA,1.06,NA,NA,NA,NA,1.57
441,NA,NA,1.36,NA,NA,NA,NA,1.71
442,NA,NA,0.79,NA,NA,NA,NA,0.87
443,NA,NA,1,NA,NA,NA,NA,1
444,NA,NA,1.17,NA,NA,NA,NA,1.16
445,NA,NA,1.26,NA,NA,NA,NA,1.29
446,NA,NA,0.58,NA,NA,NA,NA,0.99
447,NA,NA,0.66,NA,NA,NA,NA,0.65
448,NA,NA,1.04,NA,NA,NA,NA,0.96
449,NA,NA,0.76,NA,NA,NA,NA,0.16
450,NA,NA,1.16,NA,NA,NA,NA,1.56
451,NA,NA,1.02,NA,NA,NA,NA,0.76
452,NA,NA,0.4,NA,NA,NA,NA,0.46
453,NA,NA,0.78,NA,NA,NA,NA,0.71
454,NA,NA,0.9,NA,NA,NA,NA,0.84
455,NA,NA,0.07,NA,NA,NA,NA,0.36
456,NA,NA,0.7,NA,NA,NA,NA,0.66
457,NA,NA,0.46,NA,NA,NA,NA,0.36
458,NA,NA,0.99,NA,NA,NA,NA,1.37
459,NA,NA,1.29,NA,NA,NA,NA,0.78
460,NA,NA,0.84,NA,NA,NA,NA,0.61
461,NA,NA,0.64,NA,NA,NA,NA,0.6
462,NA,NA,1.02,NA,NA,NA,NA,0.87
463,NA,NA,0.48,NA,NA,NA,NA,0.68
464,NA,NA,0.85,NA,NA,NA,NA,0.76
465,NA,NA,0.98,NA,NA,NA,NA,1.32
466,NA,NA,0.94,NA,NA,NA,NA,1.05
467,NA,NA,1.2,NA,NA,NA,NA,0.72
468,NA,NA,1.09,NA,NA,NA,NA,0.98
469,NA,NA,0.97,NA,NA,NA,NA,0.94
470,NA,NA,1.24,NA,NA,NA,NA,1.53
471,NA,NA,1.05,NA,NA,NA,NA,0.89
472,NA,NA,1.13,NA,NA,NA,NA,0.55
473,NA,NA,0.65,NA,NA,NA,NA,0.49
474,NA,NA,0.98,NA,NA,NA,NA,0.45
475,NA,NA,0.93,NA,NA,NA,NA,0.99
476,NA,NA,1.14,NA,NA,NA,NA,0.87
477,NA,NA,1.8,NA,NA,NA,NA,1
478,NA,NA,0.88,NA,NA,NA,NA,1.03
479,NA,NA,1.33,NA,NA,NA,NA,0.95
480,NA,NA,1.47,NA,NA,NA,NA,0.74
481,NA,NA,0.85,NA,NA,NA,NA,0.77
482,NA,NA,1.47,NA,NA,NA,NA,0.99
483,NA,NA,0.9,NA,NA,NA,NA,0.86
484,NA,NA,1.4,NA,NA,NA,NA,0.95
485,NA,NA,1.1,NA,NA,NA,NA,0.3
486,NA,NA,0.57,NA,NA,NA,NA,0.81
487,NA,NA,1.26,NA,NA,NA,NA,1.28
488,NA,NA,0.78,NA,NA,NA,NA,0.71
489,NA,NA,1.3,NA,NA,NA,NA,1.36
490,NA,NA,1.17,NA,NA,NA,NA,1.05
491,NA,NA,1.02,NA,NA,NA,NA,0.88
492,NA,NA,1.08,NA,NA,NA,NA,0.88
493,NA,NA,0.49,NA,NA,NA,NA,0.8
494,NA,NA,1.17,NA,NA,NA,NA,1.19
495,NA,NA,0.72,NA,NA,NA,NA,1.91
496,NA,NA,0.89,NA,NA,NA,NA,1.36
497,NA,NA,0.87,NA,NA,NA,NA,1.72
498,NA,NA,1.07,NA,NA,NA,NA,2.42
499,NA,NA,1.25,NA,NA,NA,NA,1.72
500,NA,NA,0.4,NA,NA,NA,NA,0.97
501,NA,NA,0.98,NA,NA,NA,NA,1.03
502,NA,NA,1.27,NA,NA,NA,NA,2.09
503,NA,NA,0.9,NA,NA,NA,NA,1.57
504,NA,NA,1.34,NA,NA,NA,NA,1.55
505,NA,NA,0.99,NA,NA,NA,NA,1.61
506,NA,NA,0.99,NA,NA,NA,NA,1.23
507,NA,NA,1.13,NA,NA,NA,NA,1.06
508,NA,NA,0.75,NA,NA,NA,NA,0.27
509,NA,NA,1.06,NA,NA,NA,NA,1.28
510,NA,NA,1.29,NA,NA,NA,NA,1.44
511,NA,NA,1.19,NA,NA,NA,NA,1.13
512,NA,NA,0.97,NA,NA,NA,NA,1.1
513,NA,NA,0.33,NA,NA,NA,NA,0.14
514,NA,NA,0.93,NA,NA,NA,NA,1.33
515,NA,NA,0.89,NA,NA,NA,NA,0.9
516,NA,NA,0.52,NA,NA,NA,NA,0.41
517,NA,NA,0.47,NA,NA,NA,NA,0.21
518,NA,NA,0.7,NA,NA,NA,NA,1.08
519,NA,NA,0.51,NA,NA,NA,NA,1.08
520,NA,NA,0.44,NA,NA,NA,NA,0.84
521,NA,NA,0.91,NA,NA,NA,NA,1.1
522,NA,NA,1.16,NA,NA,NA,NA,1.41
523,NA,NA,1.45,NA,NA,NA,NA,1.69
524,NA,NA,0.7,NA,NA,NA,NA,1.67
525,NA,NA,0.65,NA,NA,NA,NA,0.74
526,NA,NA,0.08,NA,NA,NA,NA,0.01
527,NA,NA,1.06,NA,NA,NA,NA,1.4
528,NA,NA,0.92,NA,NA,NA,NA,1.14
529,NA,NA,0.96,NA,NA,NA,NA,0.97
530,NA,NA,1.23,NA,NA,NA,NA,1.14
531,NA,NA,0.8,NA,NA,NA,NA,0.65
532,NA,NA,1.18,NA,NA,NA,NA,1.09
533,NA,NA,0.99,NA,NA,NA,NA,1.24
534,NA,NA,1.26,NA,NA,NA,NA,0.95
535,NA,NA,0.93,NA,NA,NA,NA,0.9
536,NA,NA,0.74,NA,NA,NA,NA,0.46
537,NA,NA,1.46,NA,NA,NA,NA,0.98
538,NA,NA,1.27,NA,NA,NA,NA,0.9
539,NA,NA,0.86,NA,NA,NA,NA,0.68
540,NA,NA,0.72,NA,NA,NA,NA,0.82
541,NA,NA,1.15,NA,NA,NA,NA,1.4
542,NA,NA,0.51,NA,NA,NA,NA,0.26
543,NA,NA,0.51,NA,NA,NA,NA,0.56
544,NA,NA,1.01,NA,NA,NA,NA,1.5
545,NA,NA,1,NA,NA,NA,NA,1.21
546,NA,NA,1.25,NA,NA,NA,NA,1.25
547,NA,NA,1.69,NA,NA,NA,NA,1.81
548,NA,NA,1.3,NA,NA,NA,NA,1.21
549,NA,NA,1.35,NA,NA,NA,NA,0.98
550,NA,1.04,1.44,NA,NA,NA,NA,0.88
551,NA,1.48,1.92,NA,NA,NA,NA,1.6
552,NA,1.88,1.35,NA,NA,NA,NA,1.22
553,NA,1.2,1.16,NA,NA,NA,NA,0.74
554,NA,0.52,0.53,NA,NA,NA,NA,0.5
555,NA,1.56,1.14,NA,NA,NA,NA,1.09
556,NA,0.88,1.38,NA,NA,NA,NA,1.29
557,NA,0.82,0.99,NA,NA,NA,NA,1.14
558,NA,0.64,0.9,NA,NA,NA,NA,0.75
559,NA,1.17,1.15,NA,NA,NA,NA,0.66
560,0.81,0.68,0.72,NA,NA,NA,NA,0.61
561,0.42,0.39,0.36,NA,NA,NA,NA,0.21
562,1.37,1.06,1.03,NA,NA,NA,NA,1.33
563,0.41,0.13,0.3,NA,NA,NA,NA,0.38
564,0.57,0.47,0.4,NA,NA,NA,NA,0.79
565,0.36,0.15,0.29,NA,NA,NA,NA,0.34
566,1.24,0.99,0.74,NA,NA,NA,NA,0.94
567,0.92,0.61,0.75,NA,NA,NA,NA,1.13
568,0.36,0.5,0.42,NA,NA,NA,NA,0.31
569,0.54,0.18,0.68,NA,NA,NA,NA,0.77
570,0.82,0.64,0.66,NA,NA,NA,NA,1.26
571,1.17,1.2,1.3,NA,NA,NA,NA,1.55
572,1.16,0.9,1.11,NA,NA,NA,NA,1.74
573,1.15,0.87,1.04,NA,NA,NA,NA,1.47
574,1.36,1.27,1.53,NA,NA,NA,NA,1.66
575,1.6,1.55,1.48,NA,NA,NA,NA,2.08
576,1.62,1.59,1.14,NA,NA,NA,NA,1.31
577,1.46,1.11,1.27,NA,NA,NA,NA,1.41
578,1.01,0.55,0.82,NA,NA,NA,NA,0.53
579,1.07,0.85,0.97,NA,NA,NA,NA,0.8
580,0.91,0.53,0.95,NA,NA,NA,NA,0.58
581,1.26,1.48,1.16,NA,NA,NA,NA,1.24
582,1.12,1.28,1.17,NA,NA,NA,NA,1.5
583,0.88,0.8,1.34,NA,NA,NA,NA,1.1
584,0.48,0.38,0.88,NA,NA,NA,NA,0.68
585,0.86,0.98,1.29,NA,NA,NA,NA,1.09
586,1.12,0.63,1.22,NA,NA,NA,NA,1.45
587,1.25,1.27,1.44,NA,NA,NA,NA,1.27
588,0.75,0.25,0.69,NA,NA,NA,NA,0.52
589,1.63,1.4,1.4,NA,NA,NA,NA,1.4
590,0.43,0.39,0.35,NA,NA,NA,NA,0.52
591,0.41,0.61,0.5,NA,NA,NA,NA,0.48
592,1.46,1.33,1.29,NA,NA,NA,NA,1.29
593,1.28,0.89,1.03,NA,NA,NA,NA,1.3
594,1.21,1,1.23,NA,NA,NA,NA,1.32
595,1.25,1.34,1.25,NA,NA,NA,NA,1.07
596,1.28,0.54,1.47,NA,NA,NA,NA,1.38
597,1.13,0.3,1.02,NA,NA,NA,NA,0.98
598,1.08,1.18,1.26,NA,NA,1.08,NA,1.27
599,0.56,0.49,0.82,NA,NA,0.82,NA,0.35
600,1.71,0.99,1.3,NA,NA,1.19,NA,0.92
601,1.29,1.02,1.18,NA,NA,1.14,NA,0.92
602,1.1,0.58,0.96,NA,NA,0.85,NA,1.08
603,0.86,0.49,0.78,NA,NA,0.44,NA,0.33
604,1.34,0.44,0.7,NA,NA,0.65,NA,0.64
605,0.91,0.99,0.74,NA,NA,0.85,NA,1.11
606,1.38,0.88,1.04,NA,NA,1.01,NA,0.8
607,0.83,0.97,0.75,NA,NA,1.4,NA,0.6
608,1.27,1.4,1.26,NA,NA,2.43,NA,1.04
609,0.99,1.27,1.1,NA,NA,0.78,NA,0.82
610,0.79,0.7,0.88,NA,NA,0.9,NA,0.49
611,0.55,0.23,0.35,NA,NA,1.14,NA,0.18
612,1.16,0.91,0.94,NA,NA,1.27,NA,0.65
613,1.05,0.59,0.96,NA,NA,1.32,NA,0.63
614,0.7,0.39,0.99,NA,NA,1.51,NA,0.98
615,0.37,0.49,0.64,NA,NA,0.74,NA,0.36
616,0.85,0.65,0.72,NA,NA,1.66,NA,0.69
617,0.85,0.86,1.14,NA,NA,1.84,NA,1.32
618,0.87,0.96,1.34,NA,NA,2.48,NA,0.99
619,0.71,0.45,0.71,NA,NA,1.49,NA,1.05
620,0,0.07,0.1,NA,0.37,0.39,NA,0.52
621,1.31,1.21,1.32,NA,0.51,2.31,NA,1.67
622,1.08,1.43,1.31,NA,0.9,2.4,NA,1.79
623,0.64,1.25,1.1,NA,1.33,1.04,NA,1.03
624,0.82,1.05,1.02,NA,1.74,0.56,NA,1.39
625,0.89,0.7,0.94,NA,1.48,0.16,NA,1.15
626,0.65,1.02,0.74,NA,0.68,0.32,NA,1.18
627,0.88,1.3,1.38,NA,0.81,0.97,NA,1.77
628,0.92,1.41,1.4,NA,1.05,1.3,NA,0.77
629,1.02,1.41,1.08,NA,0.98,1.46,NA,1.32
630,0.44,1.25,0.96,NA,0.63,1.3,NA,0.71
631,1.05,0.84,1.28,NA,0.63,1.95,NA,1.15
632,1.02,0.89,1.14,NA,0.93,1.47,NA,1.21
633,0.92,0.35,0.77,NA,1.13,0.81,NA,1.12
634,0.57,0.49,0.48,NA,0.54,0.24,NA,0.81
635,1.67,1.17,1.08,NA,1,0.24,NA,1.15
636,2.17,2.44,1.6,NA,1.08,0.98,NA,2.24
637,1.39,1.43,1.2,NA,1.04,1.55,NA,1.3
638,0.8,1.53,1.07,NA,1.05,0.98,NA,0.91
639,0.6,0.62,0.65,NA,0.67,0.65,NA,0.88
640,0.56,0.88,0.63,0.4,0.48,0.24,NA,0.93
641,1.65,1.72,1.37,1.01,0.82,0.9,NA,1.35
642,1.24,0.84,0.97,0.59,0.62,1.22,NA,0.91
643,1.28,1.15,1.33,1.01,1.32,0.49,NA,0.98
644,0.92,0.58,1.32,1.04,1.27,0.9,NA,0.8
645,0.13,0.43,0.12,0.3,0.76,0.33,NA,0.5
646,0.74,0.17,0.34,0.23,0.87,0.9,NA,0.8
647,1,0.77,0.49,0.38,0.35,0.82,NA,0.84
648,1.02,1.22,0.9,0.72,0.68,0.33,NA,0.76
649,1.21,1.41,1.2,1.01,1.19,2.12,NA,1.05
650,1.52,1.09,1.11,0.84,0.84,1.74,NA,1.35
651,0.86,0.67,0.57,0.63,1,1.85,NA,0.95
652,0.95,1.21,0.97,1,0.95,1.9,NA,1.18
653,0.95,1.15,1.1,0.69,0.88,1.69,NA,1.01
654,0.58,1.51,1.25,0.96,1.24,0.71,NA,0.9
655,1.29,1.66,1.37,1.05,1.47,1.34,NA,1.32
656,1.22,2.06,1.4,1.06,1.76,0.9,NA,1.15
657,0.9,0.95,1.41,0.98,1.3,1,NA,1.09
658,1.01,1.23,1.16,0.63,1.48,0.72,NA,0.66
659,0.79,1.16,0.83,0.33,0.9,0.76,NA,1.03
660,0.52,0.35,0.47,0.38,0.67,0.83,NA,0.67
661,0.8,0.64,0.22,0.63,1.33,0.6,NA,0.54
662,0.88,0.5,0.72,0.97,1.33,1.03,NA,0.86
663,0.69,0.63,0.73,0.6,0.67,0.48,NA,0.63
664,0.46,0.66,0.31,0.48,1.09,0.75,NA,0.97
665,1.48,1.01,1.22,1.26,1.6,1.01,NA,1.4
666,1.17,1.53,1.21,1.29,1.47,0.4,NA,1.39
667,1.4,2.19,1.29,1.42,2.01,1.37,NA,1.25
668,1.01,1.01,1.13,1.33,2.13,1.6,NA,1.28
669,0.7,0.84,1.22,1.39,1.5,1.35,NA,0.68
670,1.13,1.51,1.15,0.82,1.17,1.16,NA,1.03
671,1.24,0.98,0.73,0.42,1.59,0.96,NA,0.88
672,1.24,2.66,1.06,0.65,1.44,0,NA,1.18
673,1.21,2.96,1.24,1.45,1.87,1.17,NA,1.42
674,1.47,0.94,1.34,1.09,1.1,0.49,NA,0.86
675,1.21,1.36,0.86,0.6,0.69,0.4,NA,1.27
676,1.24,2.14,1.07,0.67,1.12,1.18,NA,1.2
677,0.89,0.89,0.71,0.62,0.33,0.63,NA,0.76
678,1.46,0.69,0.96,0.4,0.63,0.34,NA,0.72
679,1.58,0.96,1.25,1.03,1.5,1.32,NA,0.96
680,0.98,0.79,0.88,0.77,0.87,0.72,NA,0.74
681,1.13,0.34,1,0.74,0.81,0.49,NA,0.68
682,1.37,1.17,1.31,1.41,1.38,0.9,NA,0.81
683,1.06,1.98,1.28,1.31,1.52,1.32,NA,1.14
684,1.42,2.02,1.38,1.62,1.68,1.58,NA,1.26
685,0.76,2,1.15,1.16,1.52,1.38,NA,1.05
686,0.54,1.04,0.84,0.41,0.69,0.29,NA,0.49
687,1.1,0.43,0.98,0.88,1.39,1.33,NA,0.74
688,1.19,1.75,1.44,1.65,1.78,1.27,NA,1.21
689,1.4,2.29,1.61,2.08,2.11,1.77,NA,1.26
690,0.63,2.27,0.8,0.37,1.09,1.5,NA,0.83
691,1.2,2.38,1.15,0.8,1.01,0.88,NA,1.14
692,0.86,1.46,0.86,0.56,0.52,0.83,NA,0.96
693,1.28,1.69,1.28,1.01,1.3,1.13,NA,1.4
694,0.54,1.8,0.85,0.79,0.37,0.59,NA,0.83
695,1.08,1.87,1.2,1.3,1.12,1.39,NA,1.29
696,0.53,1.3,0.93,1.28,0.58,1.01,NA,0.76
697,1.01,1.28,1.2,1.36,0.9,1.33,NA,1.25
698,0.88,1.1,1.14,0.82,0.55,0.62,NA,0.81
699,0.58,1.19,1.18,1.49,0.96,0.88,NA,0.98
700,0.44,0.98,0.68,0.78,0.51,0.75,1.46,1.2
701,0.96,1.32,1.07,1.32,0.73,0.57,0.9,0.89
702,0.97,0.95,0.94,1.11,0.94,1.12,1,1.04
703,1.38,0.75,0.83,1,0.7,0.72,0.78,0.89
704,0.86,0.29,0.36,0.69,0.56,0.25,0.67,0.42
705,0.71,0.71,0.67,0.16,0.29,0.68,0.24,0.9
706,0.53,0.27,0.53,0.28,0.41,0.36,0.27,0.25
707,0.84,0.23,0.65,0.46,0.62,0.89,0.68,0.44
708,1.43,0.58,0.89,0.76,0.66,1.27,1.3,0.92
709,0.76,0.05,0.46,0.49,0.35,1.03,1.05,0.34
710,0.95,0.54,0.95,0.96,0.38,0.86,0.96,0.82
711,0.89,0.57,1.17,1,0.44,0.72,0.31,0.73
712,0.52,0.58,0.72,0.69,0.23,0.23,0.31,0.52
713,1.52,0.7,1.29,1.85,0.72,1.17,0.92,1.12
714,1.52,0.79,1.29,1.34,1.06,2.01,1.39,1.22
715,1.37,0.89,1.07,0.9,0.81,2.16,1.08,1.17
716,0.98,0.77,0.92,0.72,0.72,1.54,1.24,0.58
717,0.47,0.36,0.56,0.34,0.79,0.52,1.35,0.87
718,0.23,0.26,0.71,0.67,0.69,1.36,0.19,1.68
719,0.58,1.05,1.25,1.38,1.27,1.44,1.2,1.63
720,1.16,0.96,1.32,1.07,0.94,1.5,1.98,1.4
721,0.77,0.69,1.2,1.19,0.65,0.71,1.22,0.85
722,0.69,0.7,1.11,0.55,0.66,0.59,1.08,1.26
723,0.67,0.64,0.94,0.35,0.49,0.04,0.48,1.14
724,0.51,0.33,0.56,0.35,0.58,0.2,0.21,0.96
725,1.55,1.03,1.13,1.28,1.64,1.76,0.9,1.52
726,0.96,0.76,1.06,0.98,1.25,1.57,1.28,1.38
727,1.44,1.29,0.93,0.9,0.98,0.85,0.71,0.96
728,1.32,0.87,1.27,1.34,1.45,1.38,0.88,0.82
729,1.02,0.82,1.14,1.25,0.62,0.99,1.53,1.1
730,1.51,1.25,1.28,1.1,1.51,1.25,1.31,1.4
731,1.41,1.64,1.48,1.42,1.35,1.22,1.71,1.24
732,1.08,0.85,0.95,0.73,0.98,1.06,1.94,0.78
733,1.29,1.83,1.26,1.01,1.11,0.89,1.26,1.18
734,1.26,1.06,1.05,1.14,1.19,0.94,1.25,1.46
735,0.98,0.85,1.21,0.77,0.59,0.24,0.74,1.26
736,1.33,1.2,0.95,1.1,1.01,0.12,0.84,1.35
737,1.33,1.23,1.13,1.3,0.93,1.28,0.81,1.53
738,0.34,0.16,0.18,0,0.55,0.22,0.68,0.65
739,0.65,0.69,0.9,0.66,0.88,1.06,0.32,1.06
740,1.17,0.99,1.19,1.12,1.22,1.31,0.92,1.95
741,0.91,1.03,0.89,1.21,0.75,1.15,0.84,0.83
742,0.37,0.17,0.15,0.61,0.38,0.37,0.38,0.5
743,1.09,0.85,1.31,1.27,0.87,0.09,0.32,0.64
744,0.94,0.77,0.94,0.74,1.15,1.15,1.06,0.7
745,1.3,0.78,1.15,1.27,1.09,1.27,1.18,1.33
746,1.3,1.01,1.17,1.35,1.21,2.21,0.76,0.53
747,1.36,0.93,1.23,1.05,1.52,1.86,1.02,1.38
748,0.45,0.27,0.46,0.24,0.8,0.55,0.68,0.77
749,0.91,0.98,1.17,1.45,1.38,2.42,1.62,1.43
750,0.76,0.61,0.91,0.7,0.44,0.98,1.27,1.02
751,0.3,0.18,0.28,0.14,0.76,0.62,0.46,0.65
752,0.77,0.98,1.41,1.28,1.02,1.17,0.6,0.98
753,1.05,1.08,1.27,0.81,0.85,1.15,0.52,1.27
754,0.85,0.82,1.16,1.21,0.77,1.43,0.64,1.31
755,0.78,0.91,1.13,1.03,0.72,0.65,0.9,1.22
756,0.85,0.38,1.1,0.44,0.66,1.27,0.84,1.06
757,0.41,0.18,0.45,0.29,0.58,0.66,0.6,0.4
758,0.73,0.96,1.15,0.8,0.92,0.92,0.69,1.23
759,1.11,0.98,1.57,1.06,0.83,0.66,0.9,1.42
760,0.52,0.51,0.62,1,0,0.44,0.68,0.47
761,0.96,1.29,0.97,1,0.25,1.48,1,0.7
762,0.51,0.6,0.97,0.94,1.17,1.2,0.72,0.64
763,0.97,0.81,1,1.09,1.22,1.03,1.54,0.87
764,0.73,0.63,0.7,0.78,0.52,1.03,1.12,0.61
765,1.22,1.06,1.32,1.4,0.59,0.85,1.38,1.14
766,1.25,1.2,1.55,1.34,0.79,1.81,1.78,1.21
767,0.88,0.5,1.07,0.88,0.83,1.2,1.45,0.73
768,1.42,1.48,1.45,1.29,0.83,0.98,1.72,1.76
769,0.93,1.05,1.34,0.97,1.18,1.12,0.93,0.8
770,0.48,0.76,0.7,0.46,1.07,0.64,0.11,0.68
771,0.76,0.76,0.58,0.53,0.52,0.92,0.68,1.18
772,1.47,1.39,0.98,1.56,0.76,1.26,1.63,1.7
773,1.23,0.93,0.98,0.75,1.12,0.79,1.54,0.91
774,0.66,0.6,0.48,0.63,0.97,0.04,0.48,0.8
775,0.83,0.67,0.85,0.85,0.43,0.69,0.37,0.74
776,1.24,1,1.04,1.23,1.28,1.56,0.87,1.33
777,1.21,1.08,1.13,0.81,1.43,1.3,1.12,1.42
778,1.03,0.63,0.99,0.88,0.91,0.34,1.2,0.77
779,0.6,0.68,0.72,0.71,1.02,0.55,1.29,0.4
780,1.46,1.38,1.09,1.54,0.72,1.28,1.51,1.41
781,1.15,1.17,0.93,1.12,1.77,0.64,0.63,1.09
782,0.38,0.31,0.47,0.63,1.35,0.33,0.47,0.25
783,1.14,1.22,0.91,0.7,0.63,0.51,0.76,0.92
784,1.76,1.04,1.45,1.1,1.32,1.04,1.53,1
785,1.64,1.25,1.57,1.6,1.58,1.07,1.06,1.25
786,1.21,0.9,0.59,0.75,0.68,0.58,1.07,0.86
787,1.67,1.2,1.62,1.85,0.4,1.8,1.31,1.28
788,1.17,0.82,0.83,0.98,1.43,0.97,1.46,0.73
789,1.17,1.45,1.22,1.42,0.92,0.44,1.12,0.9
790,1.18,1.3,1.17,1.23,0.8,0.51,1.21,0.88
791,0.79,1.29,1.21,0.88,0.58,1.07,1.18,0.61
792,1.63,1.41,1.4,1.56,1.29,1.26,1.71,1.26
793,1.41,0.84,1.48,1.96,1.34,0.79,0.86,0.84
794,1.15,1.83,1.49,1.24,1.19,0.87,0.78,1.29
795,0.27,0.69,0.71,0.99,1.06,0.55,0.62,0.71
796,0.55,1.76,0.78,1.01,0.8,1.05,0.84,0.57
797,0.39,0.12,0.29,0.58,1.44,0.9,0.25,0.25
798,1.19,1.83,0.95,1.17,0.57,1.05,0.68,0.96
799,1.03,1.42,0.31,0.99,1.53,0.95,0.92,1.01
800,1.8,1.84,0.88,1.3,0.7,2.22,1.31,1.44
801,0.93,0.57,0.83,1.02,1.87,1.8,0.99,1.03
802,1.13,1.81,0.84,1.56,1.29,1.53,1.2,1.57
803,1.5,2.36,0.57,1.82,1.21,1.43,0.88,1.41
804,1.49,1.42,0.67,1.35,0.8,1.04,1.19,1.48
805,1.09,0.85,0.73,1.28,1,1.25,1.21,1.38
806,1.01,0.71,0.75,1.04,1.23,1.56,1.93,1.44
807,0.87,0.72,0.42,0.49,1.16,0.35,0.43,0.95
808,0.44,0.49,0.55,0.69,1.33,0.89,0.92,0.76
809,0.1,0,0,0.27,1.3,0.14,0.26,0.15
810,1.31,1.27,1.4,1.19,1.4,0.86,1.1,1.26
811,1.25,0.59,1.02,0.66,1.29,0.78,1.09,0.98
812,1.62,0.76,1.45,1.06,0.75,0.97,1.89,0.99
813,1.59,1.21,1.86,1.7,1.04,1.3,1.48,1.33
814,1.38,1.68,1.77,1.28,0.74,1.38,1.25,0.59
815,1.3,1.3,1.37,1.18,1.02,1.67,1.44,1.34
816,1.37,1.05,0.82,0.97,0.34,0.84,0.29,0.98
817,0.59,0.48,0.38,0.38,0.6,1.05,0.51,0.89
818,0.45,0.53,0,0.43,0.36,0.61,0.14,0.56
819,0.42,0.25,0.07,0.61,0.38,0.21,0.72,0.47
820,1.38,1.46,1.46,1.76,0.73,0.67,1.76,1.56
821,1.63,1.65,2.11,1.56,1.14,1.67,2.09,2.12
822,1.91,1.6,2.41,1.47,1.28,1.07,1.72,1.98
823,0.24,0.25,0.38,0.2,0.78,0.13,0.6,0.42
824,0.67,0.68,0.72,0.39,1.02,0.37,1.15,0.38
825,0.46,0.56,0.42,0.57,0.38,0.79,0.79,0.75
826,0.89,1.11,1.2,1.28,1,1.64,1.1,1.23
827,0.95,0.62,1.16,1.11,1.15,1.41,1,1.28
828,1.07,1.23,1.39,1.18,1.24,1.38,1.13,1.06
829,0.45,0.26,0.69,0.39,0.32,0.83,0.2,0.38
830,0.54,0.45,0.48,0.52,0.94,1.44,1.02,0.64
831,1.18,1.08,1.22,1.37,1.11,1.02,1.28,1.29
832,1.05,1.02,1.17,0.8,0.59,0.9,0.95,0.89
833,1.24,0.72,1.2,0.72,0.76,1.03,1.08,1.12
834,0.9,0.56,1.02,0.63,0.74,1.38,0.73,1.09
835,0.95,0.43,1.25,0.65,0.61,0.24,0.95,0.92
836,1.38,1.24,1.03,1.16,0.97,1.05,0.86,1.11
837,0.58,0.72,0.8,0.56,0.65,0.16,0.28,0.29
838,0.96,1.03,0.95,1.2,0.9,1.36,0.35,0.99
839,0.86,0.7,0.99,0.93,0.74,1.23,0.99,0.81
840,0.33,0.22,0.31,0.34,0.62,0.39,0.28,0.33
841,1.01,0.85,0.92,0.84,1.12,1.15,1.41,1.25
842,0.8,0.48,0.8,0.76,0.88,1.17,1.18,0.93
843,1.07,1.02,1.36,1.14,1.33,1.34,1.48,1.36
844,0.98,0.4,1.06,0.6,1.39,1.01,0.74,1.1
845,1.01,0.98,1.02,0.82,1.14,1.07,1.03,1.4
846,0.58,0.65,0.88,0.92,0.5,0.65,0.2,0.63
847,0.71,0.32,0.78,0.52,0.52,0.66,0.31,0.36
848,1.34,0.89,1.26,1.15,0.81,0.94,0.72,1.2
849,1.04,0.68,0.95,0.8,1.05,1.26,0.4,0.5
850,0.8,0.96,1.09,1.4,0.81,0.68,0.5,0.53
851,0.76,0.6,0.82,0.84,1.21,0.64,0.8,0.88
852,1.03,1.64,1.02,1.26,1.18,1.06,1.3,1.34
853,0.95,1.45,1.07,1.19,1.85,1.55,0.81,0.98
854,1.45,1.71,1.22,1.56,1.66,1.59,1,1.13
855,0.86,1.29,1.07,0.81,1.38,1.47,0.56,0.93
856,0.98,1.48,1.23,1.34,2.04,1.63,1.61,1.67
857,0.67,0.47,0.58,0.35,0.98,0.92,0.67,1.13
858,1.23,1.52,1.23,1.36,1.73,2.08,1.51,1.16
859,0.87,0.84,1.21,1.16,0.9,1.31,0.84,0.82
860,0.62,1.33,1.15,1.32,1.65,1.79,1.32,0.99
861,0.95,1.39,1,0.94,0.87,0.86,1.01,0.62
862,1.27,1.86,1.24,1.25,1.07,1.21,1.39,1.3
863,1.11,0.45,1.1,1.13,1.11,1.29,1.04,1
864,1.22,1.46,1.14,1.03,1,0.74,0.76,0.89
865,0.74,1.14,0.9,1.4,1.26,1.14,0.9,0.86
866,1.09,0.74,0.84,0.65,1.14,1.51,0.75,0.8
867,0.88,0.24,0.21,0.15,0.97,1.04,0.48,0.46
868,0.64,0.55,0.32,0.94,0.16,0.34,0.09,0.14
869,0.82,1.49,1.1,1.55,1.2,1.17,0.8,1.16
870,0.91,0.65,0.75,0.82,0.44,0.36,0.26,0.45
871,1.13,1.16,1.43,1.92,1.18,1.17,1.56,1.52
872,1.16,1.12,1.23,1.1,0.48,0.92,0.73,1.11
873,0.98,1.08,1.16,1.19,0.89,1.77,0.89,0.61
874,1.1,1.11,1.31,1.4,0.61,1.02,0.62,1
875,1.19,1.17,0.6,1.38,0.7,0.55,0.87,0.97
876,0.97,1.33,1.18,0.94,1.29,1.04,1.42,1.52
877,0.76,0.39,0.69,0.63,0.7,1.3,0.97,0.68
878,0.58,0.6,0.45,0.48,0.41,0.27,0.34,0.45
879,0.96,0.97,0.94,1.04,0.85,1.29,0.55,0.39
880,1.12,0.52,0.69,0.8,0.82,1.34,0.53,0.69
881,1.42,1.07,0.77,1.33,0.77,0.98,1.08,1.11
882,0.84,0.97,0.7,0.57,0.63,0.25,0.69,1
883,0.8,0.58,0.65,1.1,0.98,1.44,0.68,1.65
884,0.4,0.28,0.37,0.38,0.42,0.51,0.16,0.35
885,1.04,1.13,0.77,1.04,0.58,1.23,0.81,1.11
886,1.25,1.21,0.79,1.07,0.69,1.47,1,1.23
887,1.13,1.29,0.86,1.15,0.81,1.32,1.42,1.29
888,1.05,1.07,1.37,1.24,1.15,1.47,0.94,0.67
889,0.87,1.3,1.2,0.8,0.94,1.08,0.73,0.93
890,1.34,1.44,1.62,1.82,1.98,1.76,1.58,1.77
891,0.97,1.16,1.33,0.8,1.07,0.61,0.99,1.21
892,0.82,0.59,1.77,0.65,0.74,0.08,0.56,0.78
893,1.27,1.15,1.75,1.18,1.07,1.27,1.7,1.57
894,0.77,0.38,0.97,0.74,1,0.62,0.98,0.56
895,0.75,0.52,1.12,0.75,1.07,0.93,0.84,0.86
896,1.02,1.87,1.1,0.68,1.1,0.96,1.28,1.12
897,1.2,1.56,0.96,0.72,0.53,0.7,1.23,1.24
898,1.19,1.36,1.33,0.78,1.23,0.46,1.53,1.69
899,1.96,2.27,1.17,1.88,1.79,0.76,1.66,2.2
900,1.12,2.12,1.45,1.18,0.85,0.39,0.36,0.76
901,0.79,0.7,0.81,0.57,0.72,0.01,0.09,0.35
902,1.27,1.59,1.37,1.45,1.52,0.95,0.92,0.85
903,0.8,0.66,0.73,0.96,0.8,0.78,0.39,0.67
904,0.6,0.84,0.94,0.7,1.01,1.05,0.75,0.55
905,1.13,1.53,1.23,1.19,1.8,1.19,1.4,1.27
906,0.4,0.2,0.5,0.16,0.4,0.15,0.57,0.16
907,0.28,0.24,0.31,0.01,0.33,0.05,0.22,0.11
908,1.17,1.21,0.82,0.75,1.6,1.31,1.43,1.07
909,1,1.58,1.07,1.14,0.8,0.88,0.76,0.77
910,0.92,1.62,1.28,1.08,0.85,0.96,1.01,0.4
911,1.31,1.94,1.34,1.86,1.35,1.15,1.2,1.44
912,1.08,1.79,1.32,1.09,0.86,0.48,0.91,0.72
913,0.84,1.54,0.95,1,1,0.8,1.08,1.19
914,0.92,1.71,1.04,1.3,0.79,0.78,0.67,1.08
915,0.72,1.45,0.98,0.6,0.94,1.31,0.62,0.75
916,0.72,0.98,0.99,1.24,1.46,1.57,0.92,0.95
917,1.08,1.54,0.88,1.46,1.28,1.34,1.33,1.45
918,1.1,1.4,1.1,1.48,0.98,1.42,1.3,1.9
919,1.26,1.63,1.2,1.66,1.38,1.43,1.73,1.74
920,0.89,1.14,0.87,1.1,1.03,1.08,1.08,0.76
921,0.74,1.3,0.82,0.77,1.04,1,1.32,1.19
922,0.59,0.46,0.62,0.29,0.55,0.41,0.16,0.24
923,0.63,0.25,0.59,0.43,1.23,1.17,0.87,0.96
924,0.37,0.42,0.45,0.59,0.53,0.39,0.86,0.56
925,1.32,0.85,1,1.27,1.17,1.16,1.03,1.45
926,1.28,1.04,0.95,0.87,0.71,1.08,1.11,1.05
927,0.94,0.81,0.77,0.75,0.56,0.72,0.82,0.82
928,1.54,1.21,0.98,1.47,1.09,1.13,1.38,1.76
929,1.2,1.46,0.97,0.76,1.05,1,1.34,1.24
930,0.73,0.53,0.73,0.43,0.54,0.98,1.11,0.62
931,1.2,1.21,0.97,0.93,0.65,0.91,0.7,1.06
932,1.3,1.08,0.87,0.9,0.96,1.1,1.16,1.17
933,1.09,0.91,0.96,1.23,1.03,1.19,1.25,1.07
934,0.97,1.05,0.95,1.34,0.96,1.32,0.34,0.34
935,0.97,1.06,0.76,0.89,0.35,1.15,0.81,0.67
936,1.1,1.15,0.93,1.24,1.4,1.27,0.89,1
937,0.49,0.5,0.6,0.8,0.62,1,0.28,0.38
938,0.94,1.23,0.91,1.11,0.78,1.21,1.14,0.99
939,0.71,0.69,1.17,1.08,0.66,0.78,0.85,1.04
940,0.94,0.84,1.11,1.25,0.93,1.29,1.23,1.29
941,1.14,1.1,1.25,1.21,0.99,1.76,1.22,1.32
942,1.12,1.34,1.19,1.26,0.99,1.16,0.73,1.27
943,0.74,1.13,0.91,0.88,0.86,0.54,1.11,1.07
944,1.05,1.4,1.23,1.08,1.67,1.07,1.42,1.48
945,1.11,1.11,1.38,1.04,1.06,1.22,0.98,1.48
946,1.39,1.54,1.44,1.32,1.32,1.63,1.29,1.43
947,1.24,1.44,1.14,1.02,1.09,1.1,1.08,1.57
948,0.85,1.7,1.02,0.97,1,1.19,1.14,1.2
949,1.19,1.38,1.31,1.17,1.63,1.77,1.56,1.66
950,1.17,1.38,1.44,1.2,1.42,0.78,0.68,1.17
951,0.68,0.91,1.38,0.86,0.52,0.51,0.3,0.35
952,1,1.39,1.05,0.76,0.43,0.98,0.84,0.9
953,0.96,0.76,0.89,0.59,0.73,0.36,1.12,0.68
954,0.3,0.56,0.32,0.28,0.53,0.29,0.2,0.09
955,0.67,0.51,0.7,1.23,0.82,0.8,0.87,0.92
956,1.25,1.49,1.27,1.5,1.35,1.5,1.41,1.16
957,0.78,0.5,0.66,1.09,1.07,1.08,0.57,0.48
958,0.74,0.52,0.66,0.63,0.45,0.26,0.94,0.8
959,1.49,0.99,1.03,1.32,1.39,1.3,1.36,0.94
960,1.64,1.45,1.16,1.37,1.43,1.32,2,1.6
961,1.03,1.07,0.94,1.22,1.07,0.45,1.21,1.31
962,1.1,1.46,1.04,1.12,1.21,1.58,1.83,1.79
963,1.33,1.02,1.09,1.25,1.48,1.07,1.5,1.47
964,1.09,1.12,0.82,0.81,1.04,1.07,0.88,0.88
965,1.44,0.78,1.03,1.37,1.38,0.76,1.81,1.3
966,1.28,1.66,1.21,1.58,1.72,1.56,2.03,1.74
967,1.38,1.35,1.26,1.57,1.56,1.75,1.57,1.56
968,0.9,0.99,1.03,1.06,1.58,1.81,0.91,1.12
969,0.54,0.66,1.1,0.94,1.44,0.49,0.38,0.71
970,1.35,1.08,1.46,1.66,2.09,1.51,1.33,1.67
971,0.97,1.29,1.07,0.98,0.86,1.05,0.8,1.26
972,0.55,0.2,0.44,0.15,0.52,0.59,0.19,0.3
973,1.84,1.98,1.64,1.36,1.22,1.07,0.98,1.64
974,1.53,1.8,1.32,1.01,1,0.56,0.64,1.09
975,0.74,0.84,0.88,0.15,0.37,0.13,0.16,0.14
976,0.79,0.82,0.88,0.5,0.91,1.15,0.55,0.84
977,1.37,1.57,1.06,1.31,0.8,1.23,1.12,1.4
978,0.66,0.76,0.61,0.51,1.01,0.77,0.87,0.79
979,0.68,0.92,0.74,0.76,0.77,1.06,1.32,1.08
980,0.1,0.1,0.2,0.35,0.55,0.57,0.29,0.1
981,0.29,0.15,0.05,0.16,0.3,0.64,0.24,0.25
982,0.74,1.05,0.51,0.76,0.84,0.94,1.25,1.2
983,0.61,0.42,0.59,0.91,0.29,0.72,0.52,0.84
984,0.48,0.56,0.48,0.58,0.78,0.49,0.61,0.78
985,1.21,0.96,0.9,1.21,0.77,1.28,1.09,1.19
986,1.59,0.89,1.13,1.7,0.8,1.64,1.31,1.74
987,1.6,1.61,1.44,1.9,1.21,1.87,1.28,1.7
988,1.91,1.82,1.75,1.69,1.77,1.59,1.64,1.85
989,1.58,2.29,1.68,1.8,1.75,1.96,1.74,1.77
990,1.03,1.3,1.42,1.25,1.08,1.09,1.06,0.88
991,0.58,0.39,0.58,0.69,0.95,0.43,0.33,0.17
992,0.87,0.86,1.05,0.57,0.76,0.42,0.31,0.51
993,0.71,0.72,0.45,0.71,0.25,0.68,0.28,0.56
994,1.06,0.89,1,1.26,0.71,1.51,1,1.14
995,0.91,0.91,0.9,1.01,0.95,1.69,1.41,1.1
996,1.37,1.2,1.23,1.84,0.9,1.72,0.64,0.84
997,0.86,0.78,1.36,1.3,1.21,1.63,1.33,0.84
998,0.98,0.93,1.05,1.62,1.1,1.3,1.07,1.13
999,0.83,0.65,1.2,0.73,0.4,0.25,0.32,0.52
1000,0.93,0.89,1.3,1.01,0.83,1.04,1.23,1.27
1001,0.71,0.5,1.13,0.66,0.32,0.32,0.72,0.75
1002,0.54,0.49,0.94,0.59,0.63,0.7,0.81,0.92
1003,0.84,0.86,1,0.67,0.47,0.46,0.84,0.86
1004,1.08,0.69,0.92,0.73,0.65,0.9,0.75,1.06
1005,0.08,0.05,0.36,0.14,0.07,0.54,0.27,0.02
1006,1.15,1.05,0.78,0.74,0.81,0.57,0.85,1.2
1007,1.27,0.99,0.9,1.37,0.73,1.53,1.22,1.23
1008,1.12,1.01,1.19,1.44,0.96,1.37,1.21,1.27
1009,0.75,0.27,0.96,0.8,0.88,0.52,0.39,0.43
1010,0.95,0.71,0.82,1.08,0.61,0.62,0.69,0.96
1011,0.91,0.8,1.11,0.9,0.82,0.41,0.87,0.76
1012,1.23,0.93,0.99,0.9,0.72,1.21,0.69,0.82
1013,1,0.58,0.59,0.46,0.37,0.87,1.21,0.62
1014,0.69,0.81,0.67,0.26,0.3,0.34,0.25,0.31
1015,1.39,1.03,1.02,0.69,1.21,1.25,1.08,1.16
1016,1.63,1.08,1.01,1.08,1.54,1.41,1.19,1.36
1017,1.66,1.13,1.4,1.14,1.47,0.73,0.95,1.6
1018,0.93,0.68,1.07,1.11,1.68,1,0.74,0.87
1019,0.65,0.17,0.7,0.74,1.02,0.5,0.48,0.45
1020,1.32,1.05,1.45,1.3,2.04,1.01,1.48,1.28
1021,0.91,1.02,1.32,1.04,1.44,1.02,1.05,0.93
1022,0.82,0.82,1.06,0.89,1.34,0.94,0.62,0.44
1023,0.97,1.11,1.11,1.05,1.6,0.83,1.02,0.9
1024,1.53,1.17,1.4,1.78,2.32,1.66,1.44,1.34
1025,0.96,1.18,1.13,1.49,2.1,1.7,1.35,1.14
1026,1.02,0.84,1.14,1.66,1.61,1.96,1.07,1.29
1027,1.1,0.97,1.17,1.3,1.18,1,0.56,1.14
1028,1.28,0.94,1.14,1.12,1.7,1.38,1.18,1.23
1029,1.28,1.04,1.3,1.35,1.56,1.62,1.33,1.54
1030,0.74,0.52,1.01,0.93,0.78,0.52,1.04,1.61
1031,0.74,0.64,0.75,0.72,0.85,1.01,0.67,1.02
1032,1.01,0.38,0.69,0.64,1.51,1.2,0.86,0.89
1033,0.92,0.41,0.98,1.04,1.44,1.33,1.13,0.95
1034,1.02,0.83,0.83,1.12,0.95,0.75,0.86,0.9
1035,0.45,0.46,0.48,0.4,0.44,0.17,0.18,0.25
1036,0.58,0.4,0.57,0.5,0.42,0.92,0.33,0.37
1037,0.72,0.97,0.97,0.79,0.83,0.97,0.91,0.93
1038,0.79,0.72,0.81,0.86,0.92,1.34,0.92,1.13
1039,0.86,0.76,0.89,0.89,0.96,0.9,1.16,1.04
1040,0.89,0.74,0.96,0.64,1.28,1.02,1.12,0.79
1041,0.52,0.36,0.41,0.25,0.72,0.32,0.88,0.54
1042,1.29,1.05,1.21,0.92,1.19,1.11,1.34,1.14
1043,0.95,0.71,0.85,0.75,0.97,1,1.06,1.44
1044,0.73,0.53,0.72,0.47,0.58,0.38,0.7,0.91
1045,1.04,0.71,0.93,0.54,0.48,0.47,1.55,1.26
1046,0.87,0.37,0.6,0.5,0.59,0.91,1.14,1.14
1047,1.3,0.96,0.97,0.57,0.56,0.8,1.17,0.71
1048,0.5,0.32,0.48,0.12,0.18,0.21,0.41,0.12
1049,0.77,1,0.72,0.57,0.47,0.94,1.36,1.01
1050,1.33,0.94,1.04,0.88,0.92,1.19,1.48,1.13
1051,1.09,0.65,1.16,0.56,1,0.64,0.91,0.38
1052,1.29,1.03,1.2,1.2,1.68,1.51,1.94,1.25
1053,1.07,0.73,0.93,0.66,1.21,1.48,1.44,0.8
1054,1.62,1.06,1.14,0.92,1.32,1.09,1.6,1.08
1055,1.01,0.42,0.81,0.66,1.34,1.04,1.28,0.71
1056,1.06,1.12,0.99,0.83,1.06,1.18,1.07,0.87
1057,1.21,0.94,0.93,1.07,1.22,1.2,1.59,1.21
1058,0.97,1.2,1.06,0.9,0.96,0.76,1.61,1.11
1059,1.08,0.94,0.84,0.88,1.21,0.86,1.47,0.65
1060,1.12,0.8,1.19,1.43,1.49,1.43,1.97,1.1
1061,1.45,1.04,1.3,1.43,1.89,1.23,1.54,1.43
1062,0.61,0.34,0.69,0.74,0.81,0.77,0.99,0.74
1063,1.16,1.73,1.5,1.38,1.31,1.8,1.63,1.25
1064,1.38,1.5,1.46,1.55,1.14,1.53,1.51,1.4
1065,1.48,1.82,1.64,1.74,1.62,1.77,2.25,1.68
1066,1.2,1.27,1.24,1.23,1.48,1.66,1.8,1.01
1067,0.32,0.71,0.31,0.45,0.66,0.61,0.39,0.18
1068,0.59,0.52,0.42,0.48,0.19,0.35,0.47,0.22
1069,0.72,1.1,0.88,0.81,1.2,0.85,1.18,0.9
1070,0.73,1.18,0.88,1.02,0.84,1.06,1.27,0.74
1071,0.91,0.7,1.13,1.09,0.86,1.02,0.94,0.91
1072,1.02,1.19,1.22,1.2,1.26,1.22,1.46,1.2
1073,0.96,0.97,1.16,1.08,0.81,0.92,1.01,0.56
1074,0.7,1.1,0.91,0.97,0.84,0.92,1.14,0.74
1075,1.02,1.2,1.06,1.08,0.67,0.4,0.54,0.69
1076,1.33,1.25,1.17,1.44,0.74,1.31,1.52,1.33
1077,1.13,1.24,1.14,1.23,1,1.16,1.09,1.56
1078,0.78,1.15,0.97,1.09,0.67,1.17,0.93,1.11
1079,1.59,1.45,1.3,1.75,1.05,0.87,1.63,1.59
1080,1.64,2.09,1.14,1.55,0.95,1.06,1.15,1.09
1081,0.73,0.77,0.85,1.08,0.75,0.57,0.59,0.55
1082,0.91,0.8,1.09,1.11,1.85,1.81,1.62,0.99
1083,0.75,0.86,0.78,0.6,0.62,0.8,0.67,0.49
1084,1.01,1.28,1.05,1.22,0.81,0.94,1.23,0.89
1085,0.33,0.3,0.52,0.67,0.52,0.32,0.84,0.97
1086,0.3,0.81,1.1,0.76,0.77,1.02,0.43,0.6
1087,1.31,1.45,0.94,1.22,0.97,0.93,1.6,1.71
1088,1.16,1.49,1.18,1.14,1.2,1.17,1.39,1.64
1089,1.05,1.21,1.2,0.83,0.98,1.46,1.07,0.89
1090,0.12,0.16,0.32,0.2,0.09,0.11,0.29,0.19
1091,0.15,0.57,0.6,0.3,0.4,0.32,0.36,0.36
1092,1,1.01,1.49,1.18,0.86,1.18,1.23,1.21
1093,0.59,0.47,0.71,0.7,0.48,0.76,0.55,0.85
1094,0.51,0.85,0.74,0.84,0.8,0.67,0.89,0.72
1095,0.89,0.88,0.84,1.37,1.6,1.42,1.14,1.5
1096,0.91,1.04,1.08,1.31,1.12,1.05,1.11,1.49
1097,0.71,0.61,0.47,0.65,0.27,0.49,0.45,0.57
1098,0.81,0.95,0.97,0.59,0.89,0.6,0.86,0.88
1099,0.44,0.56,0.71,0.66,0.54,0.12,0.46,0.51
1100,0.99,0.98,0.83,1.04,0.65,0.7,0.89,1.23
1101,0.42,0.64,0.65,0.82,1.04,1.34,1.25,1.33
1102,1.2,1.48,1.04,1.22,0.86,1.41,1.48,1.6
1103,1.31,1.47,1.18,1.23,0.88,0.96,1.35,1.62
1104,1.46,1.1,1.16,1.07,1.04,1.72,0.95,0.55
1105,1.44,1.24,0.78,0.82,0.65,0.85,1.14,1.02
1106,0.75,0.65,1.32,1.17,0.62,1.12,0.68,1
1107,0.42,1.33,0.52,1.01,0.56,0.89,0.59,1.01
1108,0.58,1.09,1.18,0.81,0.43,0.8,0.51,0.85
1109,1.13,1.1,1.27,1.3,0.78,1.56,1.31,1.69
1110,1.14,1.3,1.51,1.21,0.89,1.25,1.06,1.36
1111,1.4,0.93,1.04,1.01,1.01,1.31,0.4,1.04
1112,1.5,1.8,1.31,1.4,1.62,1.14,0.89,1.41
1113,0.97,1.09,0.8,0.96,0.9,1.16,1,1.05
1114,1.43,1.68,1.28,1.29,1.65,0.67,1.15,1.35
1115,1.28,1.65,1.02,1.51,1.52,1,1.23,1.31
1116,1.64,2.04,1.48,2.01,1.74,1.17,1.94,1.61
1117,1.59,2.25,1.63,1.66,2.05,1.26,1.42,1.57
1118,1.36,1.61,0.89,1.48,1.7,1.56,1.62,1.28
1119,1.41,1.65,0.96,1.45,1.93,1.32,1.11,1.35
1120,1.28,1.5,1.48,0.95,1.76,1.31,1.18,0.86
1121,0.63,1.01,0.92,0.48,1.08,0.45,0.54,0.21
1122,1.53,2.02,0.91,1.66,1.43,1.38,1.49,0.89
1123,0.5,0.62,0.55,1.1,0.97,0.98,1.1,0.77
1124,1.32,1.97,1.22,1.25,0.84,1.07,1.31,1.16
1125,1.04,1.41,0.97,1.19,0.83,1.1,0.96,0.93
1126,0.74,0.46,0.72,0.8,0.7,1.09,1.01,0.85
1127,1.46,1.32,0.87,1.03,0.79,0.87,1.08,0.92
1128,1.61,1.61,0.93,1.15,1.29,1.09,1.41,1.33
1129,2.28,1.82,1.21,1.96,1.72,1.51,1.8,1.52
1130,1.15,1.05,0.84,1.3,1.26,0.86,1.22,1.07
1131,0.6,0.24,0.34,0.56,0.55,0.48,0.58,0.68
1132,0.76,1.36,1.03,0.92,0.8,0.66,0.8,0.98
1133,0.8,0.46,0.87,0.98,0.98,0.93,0.6,0.86
1134,0.7,0.71,1.06,0.43,0.51,0.32,0.19,0.4
1135,0.78,0.54,1.07,0.74,0.48,0.45,0.84,0.57
1136,1.01,0.59,1.43,1.17,0.48,1.06,0.88,0.74
1137,0.68,0.51,1.3,0.74,0.68,0.49,0.75,0.72
1138,1.07,0.78,1.04,1.03,0.79,0.57,0.7,0.38
1139,1.26,0.87,1.04,1.22,0.68,0.76,0.95,1.12
1140,0.69,0.31,0.46,0.79,0.35,0.44,0.39,0.67
1141,1.12,0.9,1.42,1.5,1.1,1.13,1.26,1.05
1142,1.26,0.77,0.84,1.55,0.75,1.31,1.43,1.36
1143,0.78,0.75,0.97,0.89,0.59,0.63,0.83,0.97
1144,0.77,0.93,0.87,0.98,0.95,0.88,0.92,0.76
1145,1.15,1.07,1.08,1.09,0.98,1.4,0.66,0.99
1146,0.95,0.55,0.58,0.48,0.43,0.47,0.2,0.19
1147,0.67,0.56,0.95,0.68,0.53,0.92,0.54,0.96
1148,0.71,0.57,0.62,0.19,0.49,1.04,0.83,0.86
1149,0.9,0.81,0.73,0.67,0.83,0.96,0.63,0.73
1150,0.42,0.16,0.28,0.11,0.5,0.34,0.15,0.22
1151,0.35,0.3,0.81,0.33,0.63,0.32,0.24,0.29
1152,0.98,1.15,1,1.87,0.88,1.36,1.31,1.18
1153,0.88,0.9,0.84,1.28,0.95,1.72,0.87,1.1
1154,0.71,0.55,0.77,1,0.88,1.57,0.63,1.2
1155,1.04,1.09,1.2,0.98,1.31,1.34,1.19,1.38
1156,0.46,0.35,1.08,0.24,0.44,0.69,0.23,0.34
1157,0.58,0.79,1.19,0.6,0.77,0.34,0.29,0.75
1158,0.53,0.39,0.82,0.52,0.82,0.37,0.42,0.72
1159,1.14,1.44,1.12,1.36,1.15,1.2,1.16,1.25
1160,1.12,1.13,0.91,1.31,1.03,1.42,1.12,1.13
1161,0.67,0.47,0.97,0.27,0.53,0.58,0.57,0.97
1162,1,1.16,1.62,1.68,1.12,2.06,1.58,1.53
1163,1.86,1.31,1.51,1.29,1.26,1.82,1.52,1.55
1164,1.38,0.72,1.07,1.08,1.17,1.29,1.07,1.43
1165,1.35,1.02,1.12,1.05,0.76,1.18,0.93,1.48
1166,1.39,0.41,0.82,0.79,0.41,0.59,0.75,1.41
1167,1.35,0.88,0.9,1.36,1.16,1.43,0.84,1.31
1168,1.2,0.62,0.96,0.54,0.77,0.94,0.36,0.44
1169,1.02,0.38,0.56,0.7,0.62,0.54,0.35,0.65
1170,0.93,0.8,0.97,1.09,1.17,1.07,0.94,0.82
1171,0.89,1,0.97,1.44,1.46,1.66,1.35,1.54
1172,0.78,0.91,0.72,1.49,1.42,0.94,1.12,1.27
1173,0.93,1.08,1.16,1.57,1.19,1.19,1.5,1.48
1174,0.67,0.75,0.64,0.86,0.72,0.55,0.63,0.97
1175,0.67,0.6,0.65,0.4,0.73,1.16,0.64,0.28
1176,0.54,0.66,0.9,0.9,0.68,0.8,1.08,0.88
1177,0.52,0.5,0.71,0.39,0.3,0.64,0.16,0.32
1178,1.04,0.7,1.1,0.71,0.96,1.12,0.95,1.1
1179,1.05,0.55,1.19,0.92,1.25,1.04,0.85,1.02
1180,1.12,0.8,1.09,1.04,0.97,1.37,0.79,1.2
1181,1.25,0.85,1.23,1.1,0.95,1.46,0.78,1
1182,0.7,0.52,1.13,0.33,0.63,0.5,0.48,0.6
1183,0.67,0.69,1.13,0.67,1.55,0.9,0.86,0.89
1184,1.28,1.28,1.19,1.51,1.83,1.64,1.35,1.35
1185,1.09,0.93,0.94,1.26,1.54,1.34,1.01,1.27
1186,0.47,0.15,0.8,0.25,0.66,0.37,0.47,0.52
1187,0.82,0.87,1.28,0.71,0.94,0.7,0.88,1.31
1188,0.78,0.73,1.05,1.01,1.21,0.86,0.79,1.26
1189,0.64,0.86,1.04,0.74,0.94,0.55,0.76,0.85
1190,0.79,1.26,1.29,1.23,1.19,0.98,0.98,0.9
1191,0.78,0.56,1.12,0.64,1.33,1.61,0.95,0.8
1192,0.67,0.57,0.85,0.36,0.75,0.54,0.28,0.5
1193,0.98,0.85,1.01,0.66,0.83,0.66,1.08,0.97
1194,1.02,1.15,0.72,0.94,1.39,1.13,1.26,0.96
1195,1.42,1.19,1.14,1.27,1.74,1.11,1.44,1.14
1196,1.46,1.16,0.89,1.22,1.69,1.17,1.6,1.25
1197,1.44,1.2,1.15,1.22,1.46,0.96,1.53,1.33
1198,1.01,0.74,0.89,0.67,0.92,0.72,0.87,0.73
1199,1.25,0.64,0.72,0.75,0.91,0.91,1.22,0.79
1200,1.41,1.22,1.15,1.01,1.52,1.64,2.24,1.26
1201,1.22,1.28,1.18,1.36,1.65,1.8,2.04,1.1
1202,1.49,0.72,1.06,1.26,1.35,1.36,2.06,1.3
1203,1.38,1.11,1.06,1.2,1.15,1.56,1.46,1.18
1204,1.02,0.94,0.74,1.17,0.88,1.24,1.26,1.21
1205,0.66,0.47,1.29,0.31,0.49,0.6,0.99,0.86
1206,0.76,0.86,0.78,0.52,0.46,0.81,1.08,0.64
1207,1,0.9,1.02,1.41,1.03,1.32,1.22,1.12
1208,1.23,0.82,1.13,0.86,0.89,0.93,0.98,0.96
1209,1.63,0.89,1.3,1.4,1.5,1.44,0.91,1.18
1210,1.23,1.01,1.06,0.97,1.18,1.16,1.13,1.16
1211,1.69,1.24,1.15,1.38,1.32,1.26,1.37,1.1
1212,1.4,1,1,0.81,1.06,1.12,1.36,0.97
1213,1.13,0.92,0.94,1.23,0.92,1.04,0.86,0.85
1214,0.71,0.87,1,0.62,0.44,0.56,0.32,0.48
1215,0.76,0.41,0.75,0.39,0.29,0.58,0.18,0.14
1216,0.35,0.34,0.74,0.22,0.46,0.43,0.7,0.4
1217,0.16,0.17,0.25,0,0.35,0.17,0,0.04
1218,0.66,0.6,0.54,0.32,0.45,0.41,0.66,0.82
1219,1.08,0.91,1.08,1.07,1.07,1.06,1.22,1.24
1220,0.64,0.64,1.13,0.53,0.76,0.58,0.72,1.13
1221,0.56,0.62,1.43,0.54,0.59,0.29,0.5,0.65
1222,0.7,0.96,1.59,0.79,0.79,0.78,0.75,0.76
1223,0.9,1.03,1.54,0.79,1.59,0.88,1.31,0.94
1224,1.04,0.94,1.36,0.66,0.91,0.48,0.83,1.06
1225,0.6,1.12,1.23,0.35,0.58,0.83,0.82,1.16
1226,1.18,0.96,1.12,0.74,0.81,0.84,1.12,1.23
1227,0.28,0.23,0.66,0.12,0.36,0.26,0.24,0.59
1228,1.02,0.86,1.37,0.89,0.92,1.3,1.4,1.18
1229,1.35,0.87,1.14,0.52,0.88,1.54,1.55,1.54
1230,1,0.84,0.96,0.68,1.1,1.67,1.5,1.23
1231,1.16,0.94,1.15,0.89,1.37,1.2,1.31,1.18
1232,1.21,0.89,1,0.62,1.36,1.4,1.68,1.4
1233,0.91,0.73,0.92,0.79,0.84,1.03,1.04,0.92
1234,1.06,0.55,0.61,0.9,0.59,0.81,0.91,0.92
1235,1.42,0.7,1.06,1.19,0.88,1.86,1.39,1.08
1236,1.03,0.55,0.84,0.59,1.2,1.24,0.86,0.85
1237,1.28,0.75,0.95,1.11,1.25,1.2,1.72,1.22
1238,1.55,1.18,1.07,0.88,1.85,1.5,1.74,1.28
1239,1.37,1.21,1.12,1.32,1.38,0.86,1.09,1.21
1240,0.9,0.78,0.91,0.59,0.63,0.65,0.7,0.77
1241,1.33,0.98,1.39,1.2,1.77,1.76,1.46,1.23
1242,1.25,0.8,0.89,1.03,0.99,1.4,1.5,1.22
1243,1.44,0.87,1.09,0.85,0.61,1.26,1,1.07
1244,1.17,0.88,0.97,0.99,0.67,1.6,1.65,1.37
1245,1.06,1.03,0.92,0.66,0.61,1.62,1.05,1.2
1246,0.85,0.67,0.68,0.13,0.41,0.6,0.7,0.68
1247,0.64,0.92,0.74,0.27,0.82,0.79,0.99,1.06
1248,1.51,1.51,0.84,0.86,0.79,0.6,1.1,1.15
1249,1.44,1.61,1.04,0.82,1.24,0.94,1.38,1.43
1250,0.61,1.11,0.8,0.7,0.95,0.77,0.5,0.66
1251,0.56,1.06,0.42,0.13,0.63,0.15,0.09,0.31
1252,0.69,1.13,1.09,0.48,0.56,0.46,0.69,0.73
1253,0.91,1.5,1.27,0.92,1.02,0.93,0.78,0.92
1254,0.17,0.18,0.34,0.02,0.03,0.06,0.06,0.06
1255,1.2,1.21,1.2,0.98,0.78,0.95,0.88,1.3
1256,0.85,1.19,1.03,0.86,0.99,0.45,0.64,1.01
1257,0.97,1.54,0.97,0.99,0.87,1.07,0.83,1.21
1258,0.41,0.96,0.22,0,0.25,0.27,0.46,0.34
1259,1.3,1.48,1.29,1.34,1.1,1.21,1.44,1.85
1260,0.73,1.14,1.08,0.97,0.96,0.87,0.75,0.9
1261,1.09,1.58,0.8,0.44,0.9,0.64,0.9,1.82
1262,1.53,2.05,1.21,0.97,1.42,1.34,1.21,1.8
1263,1,0.75,1.12,0.77,0.93,0.55,0.88,1.14
1264,1.13,1.62,0.83,0.38,0.96,0.9,1.02,1.04
1265,1.17,1.87,0.86,0.8,0.73,0.88,1.04,0.97
1266,0.86,1.28,1,0.94,1.37,1.28,1.02,1.71
1267,0.78,1.6,0.94,1.34,0.87,1.28,1.03,1.33
1268,0.82,1.44,1.09,1.01,1.3,1.87,1.55,1.57
1269,1.49,2.02,1.12,1.09,0.76,1.26,0.58,0.63
1270,1.5,1.33,0.71,0.53,0.98,0.8,0.77,1.02
1271,1,2.19,0.96,1.02,1.08,1.07,1.09,0.92
1272,1.14,1.6,0.9,0.73,1.31,1,0.53,0.68
1273,0.52,0.6,0.53,0.52,0.71,0.7,0.55,0.98
1274,0.88,0.64,0.8,0.87,0.62,0.92,0.75,0.91
1275,1.3,1.06,1.18,1.59,1.48,1.23,1.38,1.64
1276,0.43,0.63,0.78,0.13,0.41,0.38,0.37,0.76
1277,1.02,0.75,0.98,1.1,1.43,0.81,0.78,0.89
1278,0.92,0.43,0.62,0.25,0.52,0.4,0.57,0.73
1279,1.11,0.81,0.89,0.76,1.12,1.03,1.08,1.18
1280,0.75,0.4,0.75,0.33,0.77,0.38,0.48,0.14
1281,0.89,0.92,0.95,0.99,1.23,1.01,0.79,1.1
1282,0.9,0.96,1.08,0.61,1.15,0.69,0.67,0.92
1283,1.23,0.4,0.73,0.7,0.92,1.12,0.37,0.62
1284,0.91,0.75,0.99,0.83,0.63,0.74,0.74,0.53
1285,0.62,0.66,0.79,0.75,0.76,1.12,0.59,0.42
1286,1.07,1.01,1.08,0.49,0.27,0.43,0.52,0.47
1287,0.67,0.87,1.15,0.85,0.67,1.28,0.67,0.41
1288,0.15,0.56,0.97,0.79,0.27,0.53,0,0
1289,0.64,0.94,1.11,1.01,0.78,1.25,0.65,0.54
1290,1.13,1.61,1.41,1.57,1.63,1.54,0.74,0.7
1291,0.53,1.2,0.71,1.16,0.97,0.66,0.5,0.96
1292,0.57,0.72,0.7,1.08,1.11,0.82,0.51,0.59
1293,0.73,1.01,1.06,1.36,1.15,1.48,0.83,1.11
1294,1.14,1.17,1.07,0.86,0.75,0.82,0.67,0.98
1295,0.52,0.24,0.29,0.31,0.86,0.96,0.23,0.26
1296,1.09,0.8,1.12,0.71,0.92,0.79,0.71,1.15
1297,1.31,0.95,1.11,0.52,0.97,1.55,0.52,0.94
1298,1.3,1.26,1.47,0.95,1.21,1.74,1.08,1.5
1299,0.8,0.69,1.18,0.53,0.78,1.13,0.77,0.22
1300,0.67,0.95,1.11,0.87,0.94,1.62,0.77,0.44
1301,1.42,1.35,0.99,0.95,1,1.23,1.1,0.9
1302,1.54,1.61,1.19,1.03,1.18,1.61,1.44,1.26
1303,0.93,1.66,1.24,1.01,0.94,0.97,1.16,1.76
1304,0.98,0.96,0.96,1.1,0.88,0.57,1.1,1.09
1305,1.45,1.85,1.19,1.24,1.24,1.44,1.75,1.68
1306,0.8,1.02,0.64,1.08,0.97,0.69,1.71,1.02
1307,0.85,0.66,0.83,0.86,1.16,0.92,1.39,0.52
1308,1.48,0.6,1.17,0.61,1.2,0.68,0.98,0.95
1309,1.17,1.77,1.14,1.12,1.64,1.6,1.58,1.63
1310,1.42,1.62,1.14,1.29,2.19,1.42,2,2.16
1311,1.48,1.6,1.53,1,1.7,0.91,1.36,1.49
1312,1.27,2.25,1.25,1.05,1.16,0.69,1.48,1.58
1313,1.76,2.64,1.41,1.59,1.94,1.62,1.85,1.77
1314,1.62,1.3,0.97,1.66,2.01,1.43,1.46,1.4
1315,0.98,1.48,1.06,1.44,0.77,0.35,0.36,0.34
1316,0.44,0.15,0.28,0.73,0.35,0.35,0.52,0.58
1317,1.12,0.92,0.96,1.09,0.88,1.19,1.28,1.2
1318,0.81,1.08,0.88,1.8,1.3,1.48,1.34,1.45
1319,0.84,1.52,0.88,1.66,1.24,1.45,1.22,1.17
1320,0.98,1.59,1.01,1.89,1.17,1.04,1.16,1
1321,0.68,1.79,0.82,1.77,0.89,1.34,1.43,1.4
1322,1.29,1.25,0.94,1.4,0.83,1.19,1.09,1.52
1323,0.78,1.08,0.78,0.98,0.84,0.8,0.86,1.3
1324,0.48,0.92,0.81,0.89,0.37,0.68,0.83,0.65
1325,1.29,2.19,1.24,1.82,2.22,1.77,1.76,1.32
1326,1.24,1.62,1.13,1.15,1.11,0.9,1.28,1.48
1327,1.06,1.47,0.98,1.02,1.09,0.91,0.76,1.01
1328,0.94,1.16,0.9,0.67,0.42,0.81,0.84,0.66
1329,1.01,1.02,0.87,1.25,0.91,1.13,0.75,0.6
1330,1.06,1.66,0.93,1.62,1.02,1.45,1.15,1.72
1331,1.04,1.48,1.02,1.02,0.94,0.93,1.55,1.58
1332,1.26,1.72,0.83,1.81,1.4,1.58,1.57,1.44
1333,1.65,2.18,1.19,1.27,1.15,1.62,1.47,1.45
1334,1,1.82,1.23,1.06,1.07,1.26,1.2,1.12
1335,0.62,1.21,0.94,0.57,0.59,0.77,0.6,0.5
1336,0.97,1.93,1.24,1.01,0.92,0.78,1.13,1.67
1337,1.63,2.06,1.5,1.27,1.04,0.78,1.48,1.6
1338,0.62,0.55,0.74,0.59,0.51,0.28,0.36,0.55
1339,0.98,1.31,0.77,1.47,0.83,0.88,1.12,1.18
1340,1.04,0.75,0.85,0.86,0.81,0.62,0.57,0.52
1341,0.92,1,1.02,1,0.55,0.69,0.23,0.38
1342,0.93,0.89,0.67,0.89,0.42,0.67,0.9,0.76
1343,1.13,0.91,1.09,0.88,0.56,0.96,0.58,0.73
1344,1.12,0.78,0.98,1.19,1.07,1.16,0.9,0.94
1345,0.76,1.09,0.95,1.2,0.81,1.22,0.88,0.95
1346,0.82,0.79,1.1,1.15,0.85,1.42,0.82,0.82
1347,0.6,0.52,0.85,0.33,0.29,0.19,0.1,0.54
1348,0.82,0.88,0.77,0.68,1.03,0.88,0.79,0.78
1349,0.82,0.97,1.06,1.43,1.41,1.15,0.77,1.07
1350,0.83,0.48,0.66,0.66,0.83,1.16,0.4,0.91
1351,0.87,0.38,0.98,0.61,0.96,1.3,0.58,0.88
1352,0.6,0.59,0.7,0.62,0.48,0.28,0.62,0.62
1353,0.87,1.46,1.09,1.66,1.47,1.48,1.16,1.18
1354,0.97,1.31,1.16,1.74,1.29,1.43,1.3,1.27
1355,0.26,0.92,0.83,0.83,0.64,0.81,0.41,0.67
1356,1.32,1.19,1.21,1.66,0.98,1.19,0.92,1.04
1357,0.88,1.08,1.04,1.32,0.98,0.9,1.24,1.63
1358,1.05,1.19,1.58,1.57,1.49,1.6,1.73,2.1
1359,0.72,1.33,1.08,1.43,1.01,1.52,1.36,1.98
1360,0.52,0.85,0.79,1.12,0.65,0.93,0.27,0.92
1361,0.83,0.74,0.79,0.61,0.82,1.29,1.02,0.89
1362,0.87,0.57,0.76,0.72,0.79,0.73,0.76,1.06
1363,0.42,0.48,0.67,0.81,0.43,0.42,0.19,0.54
1364,0.93,0.37,0.71,0.86,0.93,0.88,0.57,0.68
1365,1.07,0.68,0.95,1.06,0.73,1.28,0.44,0.5
1366,0.97,0.95,1.16,1.15,0.61,0.87,1,0.74
1367,0.69,0.52,0.98,1.19,0.79,1.02,0.74,0.8
1368,0.96,0.82,1.18,1.82,0.95,1.54,1.21,0.95
1369,0.55,0.57,0.85,0.67,0.44,0.4,0.53,0.58
1370,0.79,1.14,1.22,1.28,1.19,1.37,1.21,1
1371,1.03,0.83,0.83,0.75,0.85,1.03,1.13,1.09
1372,1,0.89,0.82,0.97,0.94,1.45,1.07,1.1
1373,1.1,0.72,1.07,1.03,1.17,1.1,1.23,1.38
1374,1.26,1.26,1.02,1.35,1.58,1.28,1.24,1.43
1375,1,0.54,0.76,0.78,0.74,0.82,0.78,1.12
1376,0.81,0.45,0.84,0.78,0.51,0.4,0.26,0.71
1377,0.93,0.59,0.93,1.06,0.69,0.59,1.13,1.03
1378,0.9,1.03,0.85,1.26,1.08,1.18,1.03,0.88
1379,1.25,0.82,0.9,1.16,1.12,0.89,0.77,0.7
1380,1.64,1.82,1.33,1.48,1.14,1.01,1.6,1.23
1381,1.18,1.04,0.96,1.27,1.04,1.01,1.11,1.25
1382,1.11,1.64,1.08,1.48,0.75,0.71,0.52,0.97
1383,1.14,1.89,1.46,1.63,1.35,1.52,1.29,1.1
1384,1.32,1.35,1.37,1.3,0.5,1.22,1.05,1.16
1385,1.23,1.18,1.51,1.54,0.74,1.35,1.38,1.15
1386,1.51,1.31,1.14,1.41,0.95,1.36,1.88,1.24
1387,1.03,0.8,1.21,1.34,0.84,1.22,1.15,1.31
1388,1.63,1.05,1.26,1.34,0.61,0.99,1.33,1.1
1389,0.8,0.54,1.17,1.25,1.01,1.04,0.98,0.8
1390,0.9,0.16,0.65,0.44,0.34,0.52,0.93,0.8
1391,1.06,0.68,0.82,1.1,0.71,0.6,1.18,0.86
1392,1.23,0.79,1.08,1.37,0.85,1.24,1.64,1.09
1393,0.76,0.78,0.73,1.45,0.8,1.23,1.47,1.47
1394,1.11,0.88,1,1.51,0.69,1.11,1.92,1.1
1395,0.98,0.88,1.07,1.16,0.93,1.47,1.32,1.36
1396,1.59,0.5,0.82,0.9,0.89,0.76,1.62,0.88
1397,1.1,0.66,0.67,0.79,0.64,0.67,0.91,0.54
1398,0.81,0.35,0.74,1.07,0.96,1.2,1.32,0.79
1399,0.42,0.42,0.5,0.37,0.42,0.31,0.8,0.64
1400,0.76,0.3,0.5,0.25,0.44,0.37,1.1,0.52
1401,0.69,0.34,0.66,0.84,0.93,0.9,1.01,0.58
1402,0.84,0.3,0.72,0.9,0.63,1,1.29,0.69
1403,0.72,0.26,0.54,0.64,0.48,0.9,0.94,0.56
1404,1.46,0.58,1.09,1.45,1.49,1.2,1.3,1.26
1405,0.96,0.48,0.92,0.9,0.94,0.92,1.06,1.1
1406,1.35,0.87,1.29,1.19,1.08,1.15,1.35,1.25
1407,0.58,0.67,0.82,0.62,0.71,0.42,0.52,0.68
1408,1.03,0.84,1.06,1.23,1,1.27,1.07,1.08
1409,1.49,1.31,1.45,1.76,1.44,1.26,2.04,1.35
1410,0.95,1.15,1,1.11,1.94,1.53,1.52,0.84
1411,0.64,0.34,0.86,0.56,0.79,0.73,0.56,0.76
1412,0.85,1.14,1.15,1.44,1.71,1.32,1.65,1.1
1413,0.68,0.06,0.64,0.29,0.68,0.44,0.45,0.3
1414,0.9,1.14,1.39,1.47,1.71,1.52,1.61,0.72
1415,0.55,0.42,0.75,0.61,0.52,0.28,0.76,0.57
1416,1.01,0.66,0.72,0.82,1.08,0.64,1.19,0.77
1417,1.17,0.96,1.18,1.06,1.12,0.9,1.36,0.98
1418,0.97,0.63,1.37,0.38,0.71,0.39,0.84,0.59
1419,0.83,0.66,1.03,0.64,0.5,0.29,0.82,0.83
1420,1.27,0.72,1.32,1.02,0.79,0.42,1.24,1.32
1421,0.47,0.4,0.74,0.48,0.7,0.91,0.31,0.65
1422,0.87,0.74,0.94,0.92,0.94,0.33,1,0.98
1423,0.6,0.54,0.61,0.31,0.79,0.3,0.41,0.51
1424,0.7,0.79,0.76,0.7,0.49,0.28,1.02,0.98
1425,1.08,0.67,0.76,1.1,0.87,1.04,1.34,1.28
1426,1.26,1.08,1.1,1.42,1.37,1.24,1.64,2.03
1427,1.07,0.94,1.08,1.35,0.95,1.18,1.57,1.58
1428,1.1,1.02,1.23,2.02,1.88,1.62,1.84,1.79
1429,1.35,0.98,1.19,1.4,0.88,1.03,0.85,1.49
1430,1.22,0.98,1.15,1.2,0.79,1.02,0.97,1.28
1431,1.3,0.99,1.47,1.33,1.07,1.4,0.97,1.61
1432,0.92,1.18,1.04,1.09,0.97,0.76,1,1.55
1433,1.16,1.18,1.31,1.54,1.35,1.72,1.48,1.97
1434,1.41,0.78,1.36,1.33,1.28,1.51,1.48,1.44
1435,0.85,0.79,0.79,0.61,0.78,1.27,1.3,1.04
1436,1.41,1,1.06,0.7,0.89,0.93,0.69,0.81
1437,0.93,0.88,0.98,0.84,0.67,1.29,0.71,0.99
1438,0.54,0.36,0.7,0.42,0.5,0.53,0.47,0.64
1439,1.14,0.71,1.03,1.09,1.18,1.22,1.07,1.38
1440,1.16,0.75,1.16,1.03,1.18,1.13,1.2,1.17
1441,1.14,1.12,1.14,1.42,1.18,1.34,1.51,1.65
1442,0.66,0.48,0.73,0.86,0.6,1.19,0.89,0.73
1443,0.88,0.77,0.84,1.01,0.9,1.4,1.02,0.58
1444,1.35,0.78,0.74,1.22,0.99,0.84,1.34,0.8
1445,0.71,0.59,0.85,0.53,0.54,0.53,0.54,0.7
1446,1.28,0.48,0.98,1.02,0.94,1.53,0.63,0.66
1447,0.87,0.67,1.16,1.01,0.96,1.27,1.03,0.51
1448,0.53,0.72,0.81,0.64,1.39,1.16,0.3,0.47
1449,0.23,0.48,0.68,0.14,0.74,0.6,0.69,0.52
1450,0.82,0.31,0.51,0.38,0.52,0.5,0.74,0.55
1451,0.98,1.24,1.12,1.14,1.34,1.23,1.25,0.92
1452,1.1,0.78,0.88,0.85,1.16,1.02,0.83,0.97
1453,1.03,0.97,1.12,1.14,1.15,1.26,1.62,1.2
1454,1.05,1,1.22,0.94,0.79,1.14,1.12,0.95
1455,0.66,0,0.55,0.48,0.91,0.57,0.34,0.16
1456,1.28,0.81,0.91,0.79,0.96,0.9,0.73,0.59
1457,1.03,0.18,0.82,0.36,0.58,0.61,0.36,0.21
1458,1.19,1.33,1.3,1.51,1.34,1.38,1.18,1.01
1459,1.02,0.78,1.03,1.02,0.92,0.65,0.91,0.94
1460,1.01,0.85,1.01,0.66,1.13,0.73,1.45,1.01
1461,0.98,0.51,0.76,0.63,0.86,0.34,1.18,1.09
1462,1.21,1.32,1.39,1.49,1.57,0.93,1.49,1.35
1463,1.26,0.89,1.54,0.94,1.06,0.86,0.73,0.73
1464,0.67,0.17,0.78,0.35,0.8,0.49,0.69,0.27
1465,0.72,0.45,0.56,0.74,1.05,1.06,1,0.33
1466,1.11,1.03,1.16,1.3,1.17,1.67,1.9,1.16
1467,1.09,1.35,1.07,1.3,0.82,1.39,1.63,1.56
1468,1.01,0.99,0.96,0.86,0.82,1.25,0.82,1.25
1469,1,1.24,0.96,1.32,0.91,1.21,1.03,1.56
1470,0.95,1.07,1.2,0.89,0.63,0.74,0.99,1.1
1471,0.4,0.31,0.58,0.33,0.21,0.14,0.04,0.61
1472,0.93,0.69,0.89,1.01,0.79,0.91,0.55,0.62
1473,0.87,0.29,0.91,0.51,0.33,0.74,0.34,0.78
1474,0.83,0.8,0.94,0.64,0.58,0.77,0.49,0.84
1475,0.55,0.47,0.78,0.19,0.32,0.19,0.06,0.54
1476,0.79,0.95,0.92,0.75,0.75,1.26,0.86,0.77
1477,1.42,1.2,1.16,0.88,0.7,0.65,0.67,1.08
1478,1.43,1.09,1.4,1.32,1.06,1.53,1.12,1
1479,0.84,0.6,0.69,0.67,0.99,1,0.54,0.49
1480,0.76,0.4,0.63,0.12,0.3,0.22,0.18,0.27
1481,1.05,0.65,1.03,1.14,1.02,1.13,1.4,1
1482,1.01,0.84,1.16,1.13,0.75,1.27,1.65,1.25
1483,0.78,0.82,0.78,0.67,0.87,0.71,1.01,1.24
1484,1.28,1.45,1.43,1.82,1.98,1.8,2.31,1.96
1485,1.14,1.15,1.33,1.53,1.58,1.76,2.02,1.6
1486,1.26,1.24,1.15,1.54,2.1,1.4,1.22,1.58
1487,0.65,0.74,0.85,0.61,0.81,0.81,0.5,0.54
1488,1.01,1.07,1.08,1.2,1.13,1.32,0.93,1.23
1489,0.89,1.06,1.09,1.03,1.1,1.17,1.12,1.19
1490,1.02,1.16,1.18,1.04,1.2,1.11,1.26,1.38
1491,1.34,1.98,1.46,1.52,1.27,1,1.49,1.75
1492,1.47,1.19,1.19,1.08,1.36,1.46,1.3,1.3
1493,0.86,1.2,0.95,0.99,1.15,0.76,1.05,1.21
1494,1.29,1.2,1.27,1.08,1.97,1.37,0.82,1.27
1495,0.48,0,0.44,0,0.48,0.28,0.14,0.14
1496,0.84,0.77,0.9,0.62,0.94,1.16,0.96,1.05
1497,0.8,0.79,0.99,0.66,0.84,0.81,0.82,0.75
1498,1.14,1.37,1.2,1.49,1.45,1.71,1.34,1.4
1499,1.07,0.89,0.83,1.11,1.23,1.32,1.45,1.17
1500,0.72,0.03,0.15,0,0.66,0.47,0.32,0.73
1501,1.23,0.64,0.89,0.8,0.97,0.95,0.42,0.82
1502,1.21,1.02,1.02,0.92,1.16,0.89,0.72,1.2
1503,1.08,0.97,0.91,1.15,0.8,1.07,0.99,1.22
1504,1.12,1.03,1.12,1.03,0.94,0.82,1.17,1.52
1505,1.2,0.45,0.68,1.22,1.3,0.93,1.21,1.06
1506,0.77,0.16,0.41,0.16,0.64,0.42,0.38,0.45
1507,1.22,0.72,0.99,0.77,1.26,1.14,1.53,1.1
1508,0.93,0.81,1.08,0.82,0.75,1.21,0.9,1.22
1509,1.28,1.29,1.14,1.18,1.07,0.9,0.81,1.14
1510,0.96,0.56,0.66,0.56,0.73,0.97,0.66,0.86
1511,1.43,1.19,1.16,1.34,1.15,1.69,1.42,1.1
1512,1.36,1.41,0.91,1.05,1.38,1.34,1.15,1.26
1513,1.24,1.42,1.18,1.23,1.35,1.78,1.68,1.37
1514,1.22,1.64,1.19,1.2,1.47,1.44,0.86,1.31
1515,1.2,0.98,1.22,1.5,1.33,1.48,1.03,1.63
1516,0.75,0.31,0.52,0.32,0.4,0.12,0.37,0.81
1517,0.76,0.72,0.85,0.54,0.55,0.5,0.25,0.31
1518,0.77,0.35,0.69,0.89,0.91,1.18,0.88,0.73
1519,0.83,1.08,1.09,1.31,0.98,1.57,1.12,1.14
1520,0.79,1.21,1.25,1.16,1.04,1.61,0.99,1.24
1521,1.14,0.8,1.48,1.26,0.97,1.7,1.21,1.06
1522,0.39,0.26,0.5,0.55,0.28,0.24,0.18,0.68
1523,0.61,0.69,1.1,1.08,0.89,0.26,0.64,0.38
1524,0.67,0.7,1.14,0.78,0.58,0.39,0.18,0.71
1525,0.9,0.83,1.33,1.09,0.84,0.58,0.58,0.84
1526,0.91,1.24,1.24,1.59,1.18,1,1,1.28
1527,0.7,1.3,1.14,0.95,0.91,0.97,1.02,1
1528,0.81,0.8,1.08,1.15,0.88,0.55,1.14,1
1529,0.93,0.98,1.29,1.52,1.35,1,1.25,0.9
1530,1.09,1.2,1.08,0.97,1.07,0.97,0.85,1.07
1531,1.29,0.92,1.09,1.01,1.2,1.15,0.95,1.3
1532,0.79,0.12,0.14,0.33,0.51,0.64,0.96,0.76
1533,0.84,0.85,0.83,0.86,0.74,1.11,0.4,0.84
1534,0.88,0.86,0.64,0.9,0.95,1.16,1.18,0.95
1535,1.22,0.82,0.85,0.57,0.57,0.74,1.26,0.9
1536,1.38,1.24,1.15,1.24,1.07,1.39,1.05,1.25
1537,1.03,1.12,1.06,1.41,1.01,1.3,1.49,1.59
1538,0.66,0.61,0.72,0.55,0.72,0.79,1.02,0.88
1539,1.28,0.9,1.1,1.25,1.28,1.74,1.24,1.12
1540,1.1,1.28,1.04,1.31,1.36,2.29,1.13,1.29
1541,0.71,1.01,1.12,1.29,0.98,1.95,1.04,1.1
1542,0.75,0.1,0.53,0.3,0.37,0.38,0.7,0.45
1543,0.95,1.1,1.15,1.21,0.97,1.82,1.1,1.11
1544,0.94,0.59,1.07,1.43,0.92,0.84,1.07,1.17
1545,0.72,0.82,0.57,0.62,0.59,0.68,1.17,0.63
1546,0.92,0.79,0.92,1.12,0.91,0.75,0.78,0.89
1547,0.69,0.52,0.71,1.32,1.18,0.92,0.44,0.88
1548,0.85,0.83,0.84,1.2,0.6,0.57,0.76,0.68
1549,1.06,0.85,1.18,1.09,0.87,0.56,0.66,1.05
1550,1.26,1.55,1.17,1.1,1.1,1.33,1.06,1.01
1551,1.1,0.86,1,0.66,0.45,0.72,0.7,1.03
1552,1.06,1.08,1.17,0.95,0.95,0.77,0.61,1.01
1553,1.07,1.45,1.37,0.97,1.03,1.22,1.3,1.08
1554,1.01,0.74,1.22,0.53,1.17,0.93,0.57,0.74
1555,1.59,0.98,1.41,1.28,1.53,1.06,1.4,0.76
1556,1.7,2.13,1.31,1.4,1.92,1.11,1.47,1.11
1557,1.33,1.6,1.44,1.46,1.63,1.28,1.44,1.43
1558,0.76,1.18,1.01,1.18,1.06,1.01,0.99,1.44
1559,0.85,1.02,0.89,1.26,0.82,0.87,0.89,0.91
1560,0.84,1.24,0.96,0.71,0.63,0.21,0.42,0.95
1561,0.7,0.66,0.91,0.84,0.73,0.74,0.27,0.49
1562,0.84,0.66,1.06,0.78,0.43,0.49,0.12,0.57
1563,1.1,1.2,0.96,1.05,0.56,0.56,0.81,0.94
1564,0.97,1.08,1.21,1.14,0.68,0.92,1.38,1.04
1565,1.08,1.27,1.27,1.49,1.21,1.38,1.71,1.51
1566,1.11,0.74,1.18,1,0.87,1.16,1.37,0.95
1567,1,0.49,0.82,0.72,0.65,0.63,1.17,0.8
1568,1.32,1.26,1.46,0.96,0.75,1.06,0.9,0.82
1569,1.32,0.84,1.23,1.2,0.93,1.78,1.13,0.89
1570,1.32,1.43,1.15,1.27,1.23,1.62,1.34,0.95
1571,1.15,1.17,1.27,1.2,1.19,0.84,0.85,0.85
1572,1.34,1.19,1.25,1.13,1.13,1.61,0.99,0.88
1573,0.91,0.51,0.45,0.36,0.54,0.33,0.08,0.24
1574,1.08,0.41,0.82,0.96,0.76,0.96,0.39,0.6
1575,0.84,0.77,0.87,0.83,0.79,1.08,0.69,0.7
1576,0.85,0.8,0.96,0.43,0.58,0.41,0.09,0.58
1577,1.32,0.8,1.2,1.4,1.19,2.06,1.11,1.01
1578,0.74,0.71,0.96,0.85,0.71,1.1,1.12,0.82
1579,0.37,0.21,0.43,0.04,0.3,0.14,0.47,0.45
1580,0.53,0.43,0.31,0.33,0.27,0.1,0.1,0.14
1581,0.82,0.6,0.64,0.76,0.51,0.52,0.33,0.47
1582,0.66,0.38,0.5,0.44,0.55,0.63,0.43,0.5
1583,0.74,0.23,0.46,0.05,0.46,0.12,0.22,0.4
1584,0.36,0,0.18,0.57,0.45,0.61,0.34,0.26
1585,0.29,0,0.26,0.02,0.33,0.13,0.11,0.11
1586,0.8,0.87,0.84,0.84,0.83,0.96,0.98,0.56
1587,0.93,0.28,0.6,0.46,0.77,0.73,1.08,0.66
1588,0.97,0.96,1,1.06,0.96,0.9,1.54,0.85
1589,1,0.62,1.1,0.9,1.23,0.91,0.77,0.67
1590,0.94,0.12,0.35,0.15,0.42,0.07,0.57,0.46
1591,1.06,0.93,1.16,0.86,0.85,0.7,1.51,0.85
1592,0.62,0.59,0.5,0.03,0.49,0.56,0.44,0.48
1593,0.69,0.59,0.63,0.03,0.35,0.14,0.12,0.3
1594,1.18,1.23,1.27,1.35,1.12,1.81,1.61,0.97
1595,1.18,1.05,1.25,1.14,1.01,1.48,1.19,1.04
1596,1.12,0.83,1.23,1.46,1.24,2.4,1.36,1.21
1597,1.27,0.87,1.11,0.91,1.78,1.92,1.3,0.7
1598,0.94,0.67,0.78,0.47,0.65,0.84,0.96,0.56
1599,1.4,1.11,1.33,1.26,1.38,2.05,1.02,1.15
1600,0.94,0.3,0.64,0.32,0.63,0.42,0.66,0.5
1601,0.76,1.14,0.9,0.93,0.7,0.61,0.63,0.7
1602,1.05,0.98,0.82,0.9,1.06,1.17,0.86,0.64
1603,1.23,0.71,0.87,1.27,1.17,1.2,1.27,0.85
1604,0.98,0.77,1.04,1.07,1.18,0.86,1.2,0.74
1605,1.08,1.31,1.12,1.39,1.25,1.14,1.77,1.12
1606,1.13,1.17,1.22,1.28,1.44,1.35,0.93,0.82
1607,0.87,0.71,0.79,0.66,0.79,0.97,1.05,1.01
1608,0.94,1.46,1.09,1.4,1.38,1.18,1.46,1.12
1609,0.94,1.33,1.2,1.54,1.18,1.39,1.37,1.32
1610,1.27,1.71,1.44,1.82,2.12,2.3,1.46,1.66
1611,1.19,1.17,1.1,1.67,1.58,2.08,1.47,1.62
1612,0.96,0.77,1.25,1.23,1.54,1.36,1.41,1.37
1613,0.79,1.36,1.1,1.49,1.49,1.34,1.09,1.16
1614,1.06,1.04,1.18,0.97,1.26,0.79,0.85,1.27
1615,1.02,1.38,1.17,1.23,1,1.08,1.42,1.38
1616,1.07,1.47,0.89,0.85,0.97,0.73,0.99,1.21
1617,1.09,1.83,1.16,1.62,1.49,1.35,1.09,1.84
1618,1.24,1.85,1.37,1.66,1.76,1.3,1.69,1.85
1619,0.84,0.97,1.13,0.94,1.26,1.11,0.9,1.03
1620,1.15,1.67,1.43,1.3,1.45,1.17,1.2,1.92
1621,1.48,1.74,1.34,1.69,1.62,1.57,1.71,2.16
1622,0.88,1.25,0.73,0.99,0.8,1.24,1.02,1.48
1623,0.55,0.63,0.72,0.67,0.69,1.12,0.36,1.09
1624,0.52,0.63,0.66,0.96,0.68,0.46,0.47,0.64
1625,0.9,0.68,0.84,0.61,0.5,0.51,0.59,0.61
1626,0.44,0.46,0.61,0.48,0.76,0.6,0.34,0.67
1627,0.76,1.03,1.1,1.67,1.34,1.48,1.77,1.03
1628,0.8,0.8,0.76,0.98,0.76,0.75,1.08,0.9
1629,1.03,1.17,1.15,1.27,1.08,1.47,1.51,1.14
1630,1.16,1.19,1.22,1.5,1.52,1.25,1.43,1.25
1631,0.96,1.09,0.82,0.96,0.88,0.82,0.64,0.91
1632,0.74,0.42,0.28,0.61,0.67,0.35,0.2,0.53
1633,1.43,1.28,1.4,1.56,0.97,1.18,0.9,1.19
1634,1.65,1.12,1.08,1.26,1.44,1.19,1.4,1.16
1635,1.31,1.61,1.22,1.37,1.17,0.94,1.46,1.12
1636,1.35,0.56,1,0.81,1.23,1.25,1.07,1.02
1637,1.24,0.73,0.95,0.92,1.05,0.84,0.97,0.8
1638,1.23,0.9,0.49,0.66,0.54,0.48,0.58,0.72
1639,1.01,0.79,0.98,1.15,1.66,1.03,1.59,1.06
1640,1.27,1.28,1.32,1.04,1.65,1.15,1.34,1.25
1641,0.95,1.24,1.11,1.05,0.98,0.87,1.32,1.18
1642,0.94,1.08,1.05,0.68,0.98,0.78,0.64,1.1
1643,0.82,1.1,1.34,0.91,1.06,1.31,1.26,1.22
1644,1.05,0.84,1.26,0.95,0.82,1.16,1.4,1.23
1645,0.84,0.84,0.71,0.47,0.53,0.79,0.59,1.11
1646,0.85,1.38,1.28,1.07,1.07,1.3,1.62,1.01
1647,0.89,1.32,1.22,1.06,1.24,1.38,1.66,1.25
1648,0.76,0.54,0.74,0.57,0.82,0.38,1.13,0.73
1649,0.99,1.15,1.25,0.87,0.84,1.18,1.38,0.89
1650,1.12,1.38,1.36,1.1,0.85,1.02,0.98,1.08
1651,0.98,1.62,1.47,1.62,1.54,1.68,1.92,1.77
1652,1,0.71,1.06,0.81,1.25,1.85,1.75,1.79
1653,0.96,1.56,1.08,1.09,1.15,1.01,1.72,0.89
1654,0.71,0.19,0.68,0.46,0.63,1.02,1.07,0.74
1655,1.04,1.61,1.25,1.23,1.35,1.65,1.84,1.26
1656,0.95,1.41,0.87,0.82,0.81,1.15,1.17,1.46
1657,0.96,0.77,0.81,0.33,0.83,0.78,0.65,0.72
1658,0.82,0.56,0.69,0.35,0.54,0.81,0.71,0.54
1659,0.91,0.93,0.94,0.9,0.49,0.73,0.96,0.74
1660,0.79,1.09,1.01,1.39,1.15,1.16,1.28,0.99
1661,0.99,0.52,1.08,1.16,1.3,1.55,1.16,1.04
1662,0.69,0.65,0.91,0.77,1.01,1.19,1.44,1
1663,0.88,0.59,0.95,0.6,0.95,0.95,1.1,1.15
1664,0.62,0.4,0.61,0.1,0.43,0.46,0.53,0.76
1665,0.88,1.23,0.71,0.92,0.98,1.19,1.26,1.26
1666,0.66,0.4,0.5,0.61,0.5,0.78,1.17,0.83
1667,0.72,0.31,0.52,0.38,0.61,0.52,0.5,0.48
1668,0.57,0.49,0.4,0.5,0.51,0.58,0.21,0.2
1669,0.77,0.5,0.69,0.76,0.65,0.58,1.11,0.41
1670,0.69,0.57,0.52,0.72,0.57,0.49,0.38,0.26
1671,0.8,0.75,0.78,1.23,0.61,0.86,0.69,0.68
1672,1.14,0.76,0.88,1.21,0.7,0.95,0.99,0.93
1673,1,1.12,1.12,1.21,0.96,1.2,1.19,1.2
1674,1.22,1.22,1.11,1.37,0.9,1.18,0.9,1.04
1675,1.15,1.2,0.92,0.59,0.95,1.07,1.45,1.14
1676,0.76,0.49,0.56,0.38,0.54,0.42,0.59,0.67
1677,0.92,0.9,0.8,0.74,1.08,0.87,0.85,0.73
1678,1.44,1.22,1.03,1.02,1.44,1.09,1.03,0.43
1679,1.16,0.58,0.86,0.9,1.03,0.93,0.95,0.84
1680,1.31,1.04,1.19,1.92,1.68,1.33,1.38,1.3
1681,1.44,1.11,1.23,1.16,0.8,0.49,0.81,1.35
1682,1.25,1.19,1.33,1.17,0.97,1.07,1.01,1.2
1683,1.43,1.32,1.33,1.44,0.99,1.4,1.25,1.57
1684,0.65,0.85,0.62,0.4,0.7,0.81,0.68,0.42
1685,0.34,0.08,0.12,0,0.12,0.18,0.3,0.06
1686,0.91,0.9,1.06,1.14,0.84,0.72,0.76,0.8
1687,0.9,0.84,1,1.12,0.9,0.98,1,0.88
1688,1.17,0.91,1.19,1.26,0.73,0.92,1.1,1.18
1689,1.31,1.13,1.18,1.72,1.52,1.51,1.64,1.21
1690,1.01,1.38,1.01,1.1,1.14,1.22,1.06,1.26
1691,1.23,1.04,1.22,0.91,0.79,0.98,0.78,0.92
1692,1.72,1.4,1.3,1.65,1.4,1.53,1.32,1.58
1693,1.4,1.19,1.21,1.23,1.06,1.13,1.04,1.55
1694,1.07,0.77,0.9,0.63,0.8,1.04,0.96,1.25
1695,1.14,0.92,1.17,0.98,0.96,1.23,1.02,1.39
1696,0.6,0.49,0.96,0.59,0.39,0.41,0.46,0.64
1697,1,0.92,1.16,1.14,0.79,1.06,1,1.27
1698,0.98,1.11,1.2,0.9,0.74,0.78,0.75,1.05
1699,1.15,1.27,1.33,1.45,1.32,1.38,1.96,1.92
1700,0.74,1.13,0.89,1.06,0.93,0.88,1.46,0.96
1701,1.38,1.47,1.27,1.56,1.58,1.38,1.37,1.84
1702,1.17,0.76,1.17,0.83,1.11,0.75,0.75,1.2
1703,0.83,1.01,0.92,0.49,1.11,1.12,0.99,1.1
1704,0.92,0.6,0.82,0.67,0.51,0.53,0.61,0.66
1705,1.01,1.17,1.21,1.21,0.81,0.77,0.88,1
1706,1.08,1.44,1,1.28,1.42,1.5,1.43,1.65
1707,0.58,0.53,0.53,0.38,0.77,0.98,0.48,0.87
1708,1,0.93,0.67,0.84,1.12,1.41,0.81,0.75
1709,0.99,0.88,0.84,0.9,0.88,0.8,0.68,1.16
1710,1.34,1.43,1.15,1.25,1.77,1.5,1.2,1.72
1711,1.1,1.12,1.02,0.9,1.03,0.67,0.72,1.38
1712,0.81,1.2,0.9,1.07,1.46,1.34,1.38,1.47
1713,0.94,0.72,0.96,0.97,1.39,1.13,0.6,0.88
1714,1.05,0.62,0.67,0.71,0.54,0.6,0.73,1.23
1715,1.05,0.94,0.92,1.11,0.78,0.74,0.85,0.87
1716,0.76,0.52,0.89,0.61,0.58,0.53,0.81,0.4
1717,0.87,0.66,0.87,0.92,0.9,0.96,0.84,0.72
1718,1.15,0.9,1.2,1.09,1.06,1.18,1.16,1.23
1719,0.82,1.12,1.18,0.73,0.34,0.66,0.79,0.87
1720,1.34,1.84,1.59,1.99,1.28,1.52,1.61,2.05
1721,1.24,1.06,1.23,1.3,1.76,1.42,1.19,0.85
1722,1.05,0.8,0.86,0.87,1.54,1.36,1.2,0.54
1723,1.18,1.25,1.26,1.31,1.32,1.42,1.06,1.24
1724,1.19,0.46,0.69,1.16,1.34,1.01,0.49,0.43
1725,1.34,1.43,1.36,1.57,1.22,1.06,1.16,1.54
1726,1.69,1.22,1.44,1.84,1.37,1.48,1.47,1.83
1727,0.96,1.4,1.32,1.4,0.93,1.14,0.85,1
1728,0.9,0.78,1.14,1.21,0.76,0.8,0.42,0.47
1729,0.32,0.01,0.47,0.35,0.31,0.32,0.11,0.05
1730,0.72,0.81,1.06,0.86,0.69,0.66,0.72,0.68
1731,0.81,0.75,0.74,0.97,0.74,1,0.94,0.8
1732,0.73,0.98,0.98,1.52,0.99,1.04,0.63,1.22
1733,0.7,0.6,0.9,0.97,0.64,0.32,0.51,0.42
1734,0.85,1.33,1.14,1.41,0.87,1.2,1.08,0.77
1735,0.28,0.4,0.5,0.25,0.41,0.45,0.84,0.06
1736,0.8,0.9,0.74,0.96,0.81,0.99,1.32,0.36
1737,0.47,0.67,0.67,0.66,0.43,0.44,0.54,0.58
1738,1.14,0.82,1.1,1.1,0.6,0.59,0.69,0.82
1739,0.45,0.56,1.07,0.78,0.54,0.31,0.86,0.29
1740,0.5,0.53,0.7,0.73,0.76,0.89,0.65,0.7
1741,0.65,0.72,0.87,0.99,0.78,0.88,1.32,0.69
1742,0.73,0.68,0.74,1.13,0.91,0.79,0.63,0.67
1743,1.04,1.13,1.12,1.9,1.57,1.25,1.18,1.34
1744,1.02,0.94,1.03,0.87,0.88,1.04,1.2,0.64
1745,1.07,1.28,1.23,1.74,1.25,1.36,1.76,1.42
1746,1.38,1.56,1.56,1.97,1.55,1.68,2.17,2.01
1747,1.23,1.97,1.64,1.48,1.85,1.72,1.82,2.13
1748,0.3,0.42,0.29,0.05,0.47,0.18,0,0.33
1749,1.28,1.6,1.32,1.31,1.67,1.6,1.5,1.74
1750,0.99,0.97,0.75,0.92,0.81,0.72,0.32,1.19
1751,1.22,0.92,1.08,0.75,0.93,1.29,1.86,0.62
1752,0.72,0.58,0.48,0.62,0.41,0.27,0.6,0.36
1753,1.26,0.65,0.63,0.84,0.81,1.13,1.33,0.28
1754,1.03,0.7,0.87,1.87,1.07,1.22,1.08,1.09
1755,0.58,0.49,0.6,0.97,0.7,0.85,0.28,0.58
1756,0.78,0.72,0.6,0.58,0.68,0.73,0.48,0.38
1757,1.01,0.34,0.65,0.81,0.36,0.4,1.12,0.57
1758,1.06,0.66,1.02,0.99,0.9,1.22,1.45,0.97
1759,1.21,0.8,1.13,1.25,1.09,1.14,1.69,1.21
1760,0.96,0.58,1.14,1.54,0.96,0.86,0.55,1.2
1761,1.18,0.67,0.82,1.43,1.25,1.33,1.33,0.78
1762,1.3,0.85,1.23,1.62,1.3,1.35,1.36,1.11
1763,1.01,0.87,1.06,1.11,0.72,0.49,0.65,0.45
1764,1.36,0.94,1.29,1.71,1.35,1.19,0.97,1.3
1765,1.18,0.55,0.88,1.15,1.24,0.92,1.04,0.53
1766,1.61,1.31,1.5,1.51,1.55,1.4,1.07,1.6
1767,1.82,0.43,1.08,1.22,1.32,1.42,1.2,0.9
1768,1.42,1.1,1.35,1.15,1.57,1.4,1.11,1.58
1769,1.18,1.12,0.93,0.99,1.41,1.15,0.51,1.56
1770,1.26,0.77,1.12,1.46,1.92,1.32,1.15,1.27
1771,1.13,1.47,1.44,1.72,2.22,1.6,1.7,2.04
1772,1.27,1.04,1.43,1.38,1.45,0.9,0.7,1.97
1773,0.62,0.13,0.41,0.6,0.46,0.09,0.35,0.56
1774,1.16,0.78,0.88,1.22,0.66,0.71,0.58,1.08
1775,0.67,0.68,1,0.83,0.5,0.7,0.92,1.1
1776,1.04,0.81,0.97,0.81,0.82,0.65,0.96,0.98
1777,0.64,0.83,0.82,0.58,0.56,0.68,0.31,0.43
1778,0.69,0.47,0.54,0.9,0.68,0.98,1.6,0.68
1779,0.7,0.8,0.69,0.89,0.49,0.5,0.46,0.61
1780,0.44,0.42,0.39,0.35,0.57,0.39,0.16,0.07
1781,0.51,0.79,1.04,0.67,0.5,0.53,0.88,0.76
1782,0.58,0.28,0.55,0.61,0.67,0.61,0.54,0.19
1783,0.91,1.12,1.26,0.9,1.08,1.26,1.75,1.06
1784,1.17,1.03,1.43,1.64,1.36,1.88,1.7,1.54
1785,0.88,1.06,0.93,0.99,0.66,1.38,1.07,0.46
1786,0.64,0.72,0.74,0.93,0.61,0.82,0.68,0.61
1787,0.86,1.04,1.26,1.12,0.96,1.29,1.12,1.38
1788,0.64,0.58,0.7,0.61,0.68,1.22,0.72,0.47
1789,0.77,0.6,0.65,0.68,0.8,0.56,0.44,0.91
1790,1.38,0.22,1.12,0.92,0.86,1.36,1.14,1.06
1791,1.4,1.24,1.06,1.38,1.1,1.42,1.43,1.4
1792,1.2,1.25,1.24,1.32,1.06,1.42,1.05,1.56
1793,1.37,1.29,1.36,2.01,1.88,1.99,2.03,2.41
1794,1.06,0.71,1.07,1.05,0.92,1.02,0.92,1.44
1795,1.19,0.67,1.07,0.97,0.96,1.42,1.07,1.19
1796,1.11,0.64,0.73,1.13,0.92,0.72,0.77,0.9
1797,1.07,0.96,1.18,0.87,1.15,0.77,0.97,0.54
1798,0.97,0.9,1.12,0.84,0.91,1.54,1.2,0.7
1799,1.24,0.92,1.18,1.39,1.05,1.42,1.05,0.89
1800,1.24,0.9,1.08,1.05,1.27,1.23,1.5,0.38
1801,0.91,0.73,0.89,0.77,0.74,0.65,1.24,0.45
1802,1.38,1.3,1.32,1.21,1.09,0.93,0.95,0.6
1803,1.37,0.78,0.96,0.7,1.3,1.16,0.94,0.35
1804,1.06,1.2,1.13,0.83,1.55,1.27,0.93,1.08
1805,0.84,0.5,0.7,0.35,0.96,1.04,0.59,0.59
1806,0.56,0.56,0.76,0,0.1,0.09,0.35,0.2
1807,0.71,1.09,1.08,1.15,1.15,1.32,1.05,1.15
1808,0.82,0.43,0.82,0.87,0.84,0.93,1.04,1.05
1809,0.73,0.75,0.77,0.67,0.75,0.79,1.49,0.96
1810,0.89,0.66,0.91,0.79,0.67,1.25,1.37,0.54
1811,1,1.05,1.46,0.9,0.65,1.39,1.39,0.88
1812,1.05,1.04,1.13,0.74,0.67,0.93,0.69,0.74
1813,0.59,0.43,0.58,0.7,0.78,0.81,0.92,0.79
1814,1.15,0.82,0.73,0.99,0.85,0.84,1.42,1.05
1815,1.21,1.1,1.08,1.22,1.38,1.34,1.92,1.75
1816,1.26,1.72,1.6,1.71,1.74,1.71,2.15,2.17
1817,0.9,1.61,1.47,1.16,1.25,1.72,1.44,1.55
1818,0.47,0.36,0.18,0.47,0.45,0.52,0.48,0.57
1819,0.44,0.29,0.6,0.2,0.64,0.68,0.56,0.3
1820,0.56,0.2,0.47,0.58,1.02,1.2,0.75,0.38
1821,0.85,1.48,1.29,1.08,1.32,1.47,0.88,0.9
1822,0.56,0.71,0.35,0.43,0.24,0.02,0.37,0.06
1823,1.08,0.27,0.63,0.22,0.57,0.2,1,0.1
1824,0.75,0.56,0.57,0.34,0.74,0.63,0.53,0.63
1825,0.74,0.93,0.81,0.8,1.03,1.09,0.86,0.69
1826,0.92,1.04,1.14,0.82,0.81,1.04,0.63,0.6
1827,1.09,0.72,0.7,0.45,0.92,0.67,0.78,0.45
1828,1.15,1.12,1.2,1.36,1.35,1.51,1.54,1.38
1829,0.91,0.83,0.64,0.91,0.74,0.9,0.29,0.68
1830,1.14,0.87,1.06,1.09,0.82,1.35,1.52,0.93
1831,1.32,0.8,1.02,1.29,1.2,0.66,0.92,0.74
1832,1.42,1.45,1.19,1.41,1.18,1.03,0.74,0.57
1833,1.25,1.45,1.28,1.4,1.37,1.54,1.18,1.05
1834,0.93,0.93,1.13,1.01,1.29,1.73,1.5,1.01
1835,1.32,1.37,1.2,1.29,1.23,1.52,0.83,1.29
1836,0.83,1.31,1.01,1.02,1.13,1.35,0.65,1.46
1837,1.16,1.18,1.14,1.25,1.24,1.51,0.9,1.43
1838,1.2,1.49,1.22,1.32,1.49,1.55,1.05,2.14
1839,1.19,1.67,1.49,1.45,1.98,2.15,1.51,2.47
1840,1.39,1.89,1.53,1.42,1.76,2.07,1.51,2.47
1841,1.27,1.29,1.49,1.21,1.15,2.17,1.56,2.09
1842,0.63,0.69,0.84,0.84,0.89,0.95,0.49,0.99
1843,0.93,1.44,1.26,0.72,0.37,1.31,0.86,0.91
1844,1.04,1.45,1.41,1.02,0.96,1.37,0.56,1.88
1845,1.13,0.55,0.62,0.8,0.79,0.71,1.06,0.64
1846,1.02,1.3,0.89,0.85,0.7,1.25,1,0.87
1847,0.22,0.08,0.23,0.42,0.19,0.24,0,0.05
1848,0.89,1.33,1.04,0.99,0.64,1.1,0.93,0.9
1849,1.02,1.33,1.08,1.58,0.95,1.81,0.85,1.48
1850,0.78,1.43,1.03,1.45,0.87,1.26,0.78,1.38
1851,0.47,0.43,0.45,0.39,0.42,0.5,0.46,0.78
1852,1.12,1.44,1.5,1.48,1.06,1.47,1.12,1.41
1853,1.18,1.28,1.32,1.16,0.65,1.12,0.77,1.11
1854,1.12,0.93,0.84,1.16,1,0.86,0.81,0.8
1855,1.08,1.17,0.94,1.12,1.37,1.24,1.12,1.3
1856,1,1.26,1,1.08,1.45,1.11,0.75,1.19
1857,1.07,0.84,0.97,0.7,1.56,1.06,0.68,0.89
1858,1.44,1.28,1.06,0.95,1.48,1.01,0.86,1.63
1859,0.97,0.73,0.65,0.74,1.01,0.38,0.34,0.81
1860,1.4,0.88,0.97,1.12,1.19,1.12,1.25,1.27
1861,0.96,0,0.34,0.11,0.23,0.28,0.29,0.14
1862,1.23,1.34,1.27,0.95,1.27,0.38,0.34,1.14
1863,1.04,0.96,1.12,0.79,0.88,1.07,0.57,0.69
1864,0.96,0.24,0.44,0.32,0.57,0.14,0.57,0.24
1865,0.95,1.13,1,0.87,1.09,1.11,0.92,0.79
1866,1.17,1.06,1.17,1.31,0.92,1.47,1.2,1.39
1867,1.03,1.62,1.45,1.35,1.24,1.36,1.21,1.41
1868,1.03,1.34,1.3,1.48,1.65,1.77,1.6,2.37
1869,1.06,1.58,1.46,1.23,1.93,1.74,1.64,1.84
1870,1.16,0.53,0.87,0.48,0.96,1.15,0.69,1.25
1871,0.73,0.64,0.55,0.5,0.57,1.49,0.39,0.43
1872,0.72,0.38,0.95,0.7,0.88,1.56,0.77,0.47
1873,0.71,0.86,0.88,0.38,0.47,1.33,0.54,0.55
1874,0.77,0.94,0.85,0.98,0.97,1.08,0.87,1.12
1875,0.72,0.79,1.08,0.88,0.82,1.36,0.54,1
1876,0.86,0.47,0.61,0.27,0.33,0.98,0.41,0.7
1877,1.25,1.61,1.31,1.02,0.96,1.5,1.81,1.2
1878,1.29,0.71,0.99,0.97,0.93,0.53,1.01,0.78
1879,1.02,0.85,0.6,0.53,0.59,0.93,0.51,0.38
1880,1.02,0.77,0.8,0.7,0.35,0.06,0.34,0.04
1881,0.72,0.75,0.72,0.57,0.34,0.81,0.72,0.25
1882,1.08,0.62,0.69,0.44,1.02,1.35,1.39,1.02
1883,0.92,0.62,0.76,0.17,0.72,0.7,0.7,1.03
1884,0.97,1.06,1.05,0.5,1.5,1.21,1.11,1.36
1885,1.12,1.23,1.21,0.72,1.37,1.3,1.14,1.57
1886,0.75,1.17,1.11,0.74,1.32,1.01,0.62,1.16
1887,1.06,0.5,1.28,0.38,0.88,1.32,1.46,0.8
1888,1.02,1.64,1.13,1.03,1.51,1.1,1.08,1.67
1889,1.09,1.3,1.04,0.87,1.14,1.32,0.85,1.24
1890,1.08,1.46,1.04,0.6,0.72,0.76,1.14,1.14
1891,1,1.55,1.15,1.12,1.42,1.18,1.49,1.42
1892,1.02,1.39,1.14,0.68,1.18,1.07,0.57,0.88
1893,0.8,0.67,0.53,0.58,0.53,0.08,0.34,0.62
1894,0.66,0.46,0.42,0.44,0.79,0.96,0.59,0.34
1895,1.18,0.93,0.79,0.94,0.98,1.04,1.2,1.08
1896,0.73,0.15,0.52,0.18,0.1,0.04,0.42,0.53
1897,1.05,1.4,0.91,1.16,1.53,1.3,1.19,0.63
1898,0.94,1.12,1.07,0.84,1.27,0.99,1.07,0.74
1899,0.39,0.14,0.3,0.18,0.33,0.02,0.1,0.17
1900,0.68,0.51,0.53,0.5,0.19,0.08,0.47,0.01
1901,0.78,1.06,0.65,0.78,0.75,0.68,1.13,0.51
1902,0.5,0,0.21,0.18,0.2,0.62,0.66,0.17
1903,1.08,1.12,1.06,1.23,1.2,1.17,0.78,0.47
1904,0.48,0,0.52,0.18,0.03,0,0.11,0
1905,1.03,1.14,1.05,1.49,1.26,0.95,1.65,0.86
1906,1.06,1.15,1.16,1.52,1.12,0.84,1.7,1.12
1907,1.45,1.62,1.54,1.68,1.52,1.28,1.68,1.37
1908,1.4,1.18,1.45,1.24,1.49,1.17,2.08,1.43
1909,1.19,1.69,1.45,1.17,0.91,0.98,1.29,1.08
1910,1.06,1.48,1.27,0.8,1.04,0.34,0.79,1.19
1911,1.62,1.61,1.53,1.77,1.69,1.18,1.42,1.91
1912,1.21,2.01,1.38,1.33,1.51,1.22,1.47,1.18
1913,0.75,1,1.13,0.87,0.58,0.64,0.88,0.77
1914,1.22,2.01,1.37,1.77,1.22,1.24,1.34,1.36
1915,1.24,2.38,1.25,1.57,1.39,1.23,1.28,1.88
1916,1.4,2.12,1.53,1.89,1.45,1.28,1.17,2.65
1917,1.01,2.16,1.36,1.28,0.89,0.76,1.3,1.78
1918,0.73,0.75,0.84,0.87,1.17,0.27,0.46,1.64
1919,1.03,1.5,1.16,1.52,1.8,1.09,1.31,2.07
1920,0.98,2.21,1.18,1.75,1.51,1.3,1.64,1.81
1921,1.19,1.6,1.49,1.41,1.49,0.9,1.11,1.59
1922,1.02,1.8,1.02,0.97,0.81,0.13,0.93,1.13
1923,0.81,1.02,0.9,0.91,0.97,0.25,0.53,0.85
1924,0.9,1.39,1.06,1.18,1.18,0.88,1.38,1.49
1925,0.95,0.93,0.78,1.12,0.57,0.04,0.15,0.89
1926,1.15,1.89,1.14,1.39,1.01,0.97,1.51,1.36
1927,1.21,1.33,1.1,1.34,1,0.53,1.12,1.14
1928,1.02,1.67,1.12,1.08,0.72,0.54,0.9,0.86
1929,1.03,1.17,1.13,0.88,0.63,0.42,0.58,1.25
1930,1.06,1.14,1.24,0.88,1.01,0.86,1.06,1.27
1931,1.2,1.18,0.81,0.51,0.54,1.4,0.96,0.74
1932,1.08,1.72,1.05,1.06,1.42,1.64,1.24,1.28
1933,0.97,0.89,0.72,0.96,0.98,0.84,1.24,0.94
1934,0.89,0.45,0.32,0.74,0.73,0.94,0.66,0.65
1935,1.03,1.26,0.93,1.06,1.3,1.37,1.45,0.84
1936,0.84,0.75,0.82,0.98,0.83,1.38,0.91,0.77
1937,1,1.2,0.86,1.41,1.41,1.25,1.34,1.28
1938,0.93,1.38,0.85,1.1,1.1,0.79,0.96,1.07
1939,0.94,1.11,0.58,0.58,0.64,0.83,0.86,0.89
1940,1.26,1,0.68,1.01,0.82,0.86,1.14,0.79
1941,1.34,1.98,1.33,1.43,1.67,1.49,1.76,1.64
1942,1.08,1.63,1.06,1.31,1.51,1.63,1.2,1.64
1943,0.92,1.23,0.94,0.95,0.87,1.33,1.09,1.09
1944,1,1.25,1.06,0.79,1.2,1.17,1.26,1.03
1945,0.88,1.09,0.82,1.02,1.1,1.28,1.05,1.41
1946,0.94,0.57,0.48,0.43,0.58,0.03,0.38,0.88
1947,1.26,1.26,0.95,0.71,0.86,0.93,1.02,1.39
1948,1.32,1.4,1.04,0.75,1.23,1.25,1.2,1.53
1949,1.6,1.83,1.08,1.04,1.04,1.45,1.02,2.22
1950,0.76,0.86,0.75,0.34,0.35,0.21,0.48,0.96
1951,0.4,0.3,0.36,0.1,0.14,0.03,0.23,0.08
1952,0.96,1.43,0.98,1.07,0.73,0.79,1.1,1.27
1953,0.7,0.64,0.64,0.51,0.4,0.41,0.71,0.71
1954,0.65,0.78,0.57,0.69,0.49,0.69,0.59,0.84
1955,0.81,0.96,0.58,0.59,0.36,0.18,0.43,0.37
1956,0.47,0.69,0.43,0.27,0.09,0.02,0.53,0.23
1957,0.95,1.32,0.55,0.82,0.58,0.17,0.68,0.94
1958,0.86,1.47,0.76,0.92,0.78,0.98,1,0.86
1959,0.26,0.28,0.38,0.56,0.36,0.69,0.52,0.4
1960,1,1.34,0.96,0.95,0.89,1.15,0.88,1.09
1961,0.83,0.96,0.8,0.94,0.95,1.15,0.61,0.51
1962,0.92,0.82,0.9,1.04,1.04,0.55,0.71,1.2
1963,0.6,0.82,0.79,0.88,0.77,0.6,0.55,0.95
1964,0.8,0.92,0.64,0.52,0.49,0.52,0.92,0.67
1965,1.2,1.38,1.43,1.53,1.37,1.31,1.13,1.61
1966,1.08,1.36,1.05,1.09,1.06,0.78,0.57,0.95
1967,0.78,0.97,0.88,0.68,0.65,0,0.69,0.61
1968,1.1,1.1,1.14,0.89,1.37,1.47,0.95,1.22
1969,1.29,1.1,1.4,1.11,1.32,1.67,0.73,1.18
1970,1.14,1.13,0.95,0.98,1.63,1.69,1.19,0.98
1971,0.87,1.11,0.79,0.94,0.5,0.52,0.73,0.34
1972,1.02,0.94,1.19,0.95,1.11,1.58,0.93,1.22
1973,1.11,1.59,1.34,1.47,1.48,NA,1.26,NA
1974,0.76,0.9,0.91,0.91,0.82,NA,0.63,NA
1975,1.22,1.52,1.35,1.62,1.32,NA,1.43,NA
1976,0.72,0.94,0.87,0.59,0.55,NA,1.12,NA
1977,0.55,0.48,0.48,0.36,0.5,NA,1.02,NA
1978,0.94,1.38,1.09,1.45,1.39,NA,1.19,NA
1979,0.81,1.6,1,1.76,1.3,NA,1.46,NA
1980,0.64,1.55,1.1,1.44,1.18,NA,1.2,NA
1981,0.8,0.64,1.07,1.19,0.75,NA,1.46,NA
1982,0.83,1.39,1.19,1.17,0.98,NA,1.4,NA
1983,1.14,1.81,1.34,1.56,1.11,NA,1.67,NA
1984,1.06,1.5,0.92,0.84,1.27,NA,1.67,NA
1985,1.18,1.65,0.92,1.64,1.8,NA,2.07,NA
1986,1.92,1.77,1.36,1.46,1.81,NA,2.06,NA
1987,1.46,2.33,1.32,1.58,1.58,NA,NA,NA
1988,1.4,2.11,1.4,1.43,1.42,NA,NA,NA
1989,0.93,1.26,0.84,0.94,0.64,NA,NA,NA
1990,1.04,NA,1.05,NA,1.04,NA,NA,NA
1991,1.01,NA,1.1,NA,1.42,NA,NA,NA
1992,1.4,NA,1.42,NA,1.4,NA,NA,NA
1993,1.07,NA,1.07,NA,1.09,NA,NA,NA
1994,1.35,NA,0.93,NA,1.46,NA,NA,NA
1995,1.35,NA,1.48,NA,1.56,NA,NA,NA
1996,0.59,NA,0.41,NA,0.26,NA,NA,NA
1997,1.3,NA,1.32,NA,1.52,NA,NA,NA
1998,1.14,NA,0.89,NA,0.64,NA,NA,NA
1999,1.14,NA,1.47,NA,1.59,NA,NA,NA
2000,1.04,NA,0.99,NA,0.65,NA,NA,NA
2001,1.06,NA,0.81,NA,0.96,NA,NA,NA
2002,0.1,NA,0,NA,0.03,NA,NA,NA
2003,0.91,NA,0.68,NA,0.49,NA,NA,NA
2004,0.85,NA,0.83,NA,1,NA,NA,NA
2005,0.77,NA,0.85,NA,0.71,NA,NA,NA
2006,0.47,NA,0.83,NA,0.09,NA,NA,NA
2007,1.16,NA,1.5,NA,1.13,NA,NA,NA
2008,1.13,NA,1.31,NA,0.52,NA,NA,NA
2009,0.82,NA,0.83,NA,0.82,NA,NA,NA
2010,0.89,NA,NA,NA,0.91,NA,NA,NA
2011,NA,NA,NA,NA,0.27,NA,NA,NA